ID,Name,Thana / Area,Subarea,NEW_SUB_AREA
12732,Mazumder Medical & Baby Food,BIMAN_BANDAR,Sector-14,Uttara Sub Area 01
13069,Mariam Medicine Corner,UTTARA_PURBA,,Uttara Sub Area 01
13079,Zakir Pharmacy,TURAG,Diyabari Bazar,Uttara Sub Area 01
7623,Jononi Pharmacy,TURAG,Khantek,Uttara Sub Area 01
13355,Shahin Pharma,TURAG,Khayertek,Uttara Sub Area 01
13088,Horizon Pharma & Departmental Store,TURAG,Rajuk Uttara Apartment Project,Uttara Sub Area 01
17380,Khan Pharmacy,UTTARA_PASCHIM,null,Uttara Sub Area 01
17216,Karim Medical hall,UTTARA_PASCHIM,null,Uttara Sub Area 01
17068,Nasima Medicine Corner,UTTARA_PASCHIM,null,Uttara Sub Area 01
16609,Konok Medicall Hall,TURAG,null,Uttara Sub Area 01
15674,Elias pharma,UTTARA_PASCHIM,null,Uttara Sub Area 01
13386,Fast caer pharmacy,TURAG,null,Uttara Sub Area 01
17695,Nilima Pharma,UTTARA_PASCHIM,null,Uttara Sub Area 01
14941,Pallabi pharmacy,TURAG,null,Uttara Sub Area 01
10463,Dhaka Pharmacy,UTTARA_PASCHIM,null,Uttara Sub Area 01
17664,ARNO Medicine corner,UTTARA_PASCHIM,null,Uttara Sub Area 01
16734,Natrokona how pharma,UTTARA_PASCHIM,null,Uttara Sub Area 01
7679,Yakub Pharmacy,TURAG,Pakuria,Uttara Sub Area 01
7509,Samad fharmecy,UTTARA_PASCHIM,Pakuria,Uttara Sub Area 01
7833,Fuad medical hall,TURAG,Pakuria Bazar,Uttara Sub Area 01
7575,Hasan Medical Hall,TURAG,Pakuria Bazar,Uttara Sub Area 01
7491,Tamanna Medicine Corner,TURAG,Pakuria Road,Uttara Sub Area 01
7490,Abrar Pharmacy,TURAG,Pakuria Road,Uttara Sub Area 01
7549,Tarek Pharma,TURAG,Pakuria Road,Uttara Sub Area 01
7286,Alom medical centre,TURAG,Pakuria Road,Uttara Sub Area 01
6370,Abtahi Pharma,TURAG,Pakuria Road,Uttara Sub Area 01
7361,Sheba Pharmacy,TURAG,Pakuria Road,Uttara Sub Area 01
7150,Life care pharmacy,TURAG,Pakuria Road uttara,Uttara Sub Area 01
7428,Rawda pharmacy,UTTARA_PASCHIM,Pakuriya Road,Uttara Sub Area 01
12689,Q Pharma,UTTARA_PASCHIM,Sector 13,Uttara Sub Area 01
12687,MA PHARMACY,UTTARA_PASCHIM,Sector 13,Uttara Sub Area 01
9249,Kishorganj Pharmacy,UTTARA_PURBA,Sector 13,Uttara Sub Area 01
12914,Ananna Pharmacy,UTTARA_PASCHIM,Sector 13,Uttara Sub Area 01
10070,Abdullah pharmacy and General store,UTTARA_PASCHIM,Sector 13,Uttara Sub Area 01
6543,Janani Pharma,UTTARA_PURBA,Sector 13,Uttara Sub Area 01
12693,Medcare Pharma,UTTARA_PASCHIM,Sector 13,Uttara Sub Area 01
13098,M.M Pharma,UTTARA_PASCHIM,Sector-12,Uttara Sub Area 01
12881,Health Care Pharma,UTTARA_PURBA,Sector-12,Uttara Sub Area 01
13105,Jaminy Medical Hall,UTTARA_PASCHIM,Sector-12,Uttara Sub Area 01
13110,3 Star Pharmacy,UTTARA_PASCHIM,Sector-12,Uttara Sub Area 01
12904,Abdullah Pharma,UTTARA_PASCHIM,Sector-12,Uttara Sub Area 01
7567,Tanzina Pharmacy,UTTARA_PASCHIM,Sector-13,Uttara Sub Area 01
12919,BD Surgical & Pharmacy,UTTARA_PASCHIM,Sector-13,Uttara Sub Area 01
12921,Mir Medicine House,UTTARA_PASCHIM,Sector-13,Uttara Sub Area 01
12917,Nuha Pharma,UTTARA_PASCHIM,Sector-13,Uttara Sub Area 01
9979,Parents Pharma,UTTARA_PASCHIM,Sector-13,Uttara Sub Area 01
10783,Ariyan Pharma,UTTARA_PASCHIM,TURAG,Uttara Sub Area 01
10799,Rafi pharmacy,UTTARA_PASCHIM,TURAG,Uttara Sub Area 01
10790,Polash pharmacy,UTTARA_PASCHIM,TURAG,Uttara Sub Area 01
10786,M.S medicine center,UTTARA_PASCHIM,TURAG,Uttara Sub Area 01
10284,Pabna Pharmacy & Medicine Super Shop,UTTARA_PASCHIM,TURAG,Uttara Sub Area 01
10788,Ababil Medicine corner,UTTARA_PASCHIM,TURAG,Uttara Sub Area 01
10782,Shugondha pharmacy,UTTARA_PASCHIM,TURAG,Uttara Sub Area 01
10832,Zaman Pharmacy,TURAG,Uttara,Uttara Sub Area 01
13055,Ma Baba Pharmacy,TURAG,,Uttara Sub Area 01
13468,Mizan Medical Hall,TURAG,,Uttara Sub Area 01
18306,S.T pharmacy,UTTARA_PASCHIM,,Uttara Sub Area 01
17931,Maa medicine corner,TURAG,,Uttara Sub Area 01
13387,Manik pharmacy,TURAG,,Uttara Sub Area 01
14055,Sk pharma,UTTARA_PASCHIM,null,Uttara Sub Area 01
17872,Bismillah pharma,UTTARA_PASCHIM,null,Uttara Sub Area 01
17588,Barakas pharma,UTTARA_PASCHIM,null,Uttara Sub Area 01
14061,HR pharma,UTTARA_PASCHIM,null,Uttara Sub Area 01
10516,KP kazi Pharma,UTTARA_PASCHIM,null,Uttara Sub Area 01
11374,Safegoods and permacy limited,UTTARA_PASCHIM,null,Uttara Sub Area 01
11572,Barakah' s Pharma,UTTARA_PASCHIM,null,Uttara Sub Area 01
14071,Jahanara pharmacy,UTTARA_PASCHIM,null,Uttara Sub Area 01
15381,Mim Pharma,UTTARA_PASCHIM,null,Uttara Sub Area 01
15372,J k medicine corner,UTTARA_PASCHIM,null,Uttara Sub Area 01
17428,Safe Waye Pharma,UTTARA_PASCHIM,null,Uttara Sub Area 01
15126,সেফ ওয়ে,UTTARA_PASCHIM,null,Uttara Sub Area 01
17982,Nature Pharma,UTTARA_PASCHIM,null,Uttara Sub Area 01
17845,Abid pharmacy,UTTARA_PASCHIM,null,Uttara Sub Area 01
18156,Isma Pharmacy And Departmental Store,UTTARA_PASCHIM,null,Uttara Sub Area 01
17775,Ovinondon Pharma,UTTARA_PASCHIM,null,Uttara Sub Area 01
14899,A s Dental care,UTTARA_PASCHIM,null,Uttara Sub Area 01
18047,Abdullah pharmacy,UTTARA_PASCHIM,null,Uttara Sub Area 01
17195,Abdullah farma,UTTARA_PASCHIM,null,Uttara Sub Area 01
17964,Mohi uddin pharma,UTTARA_PASCHIM,null,Uttara Sub Area 01
17870,Ar -rahman pharma,UTTARA_PASCHIM,null,Uttara Sub Area 01
17883,Zannat pharmacy,UTTARA_PASCHIM,null,Uttara Sub Area 01
15483,জে কে ফারমেসি,UTTARA_PASCHIM,null,Uttara Sub Area 01
16491,Q Pharma ltd,UTTARA_PASCHIM,null,Uttara Sub Area 01
16333,Redical hospital,UTTARA_PASCHIM,null,Uttara Sub Area 01
17553,Molla pharmacy -2,UTTARA_PASCHIM,null,Uttara Sub Area 01
14641,Molla pharmacy,UTTARA_PASCHIM,null,Uttara Sub Area 01
16702,Antik pharmacy,UTTARA_PASCHIM,null,Uttara Sub Area 01
16699,ST brakas,UTTARA_PASCHIM,null,Uttara Sub Area 01
14777,Jannat pharmacy,UTTARA_PASCHIM,null,Uttara Sub Area 01
15024,A.Rob pharma,UTTARA_PASCHIM,null,Uttara Sub Area 01
15427,Alamin madicin shoop,UTTARA_PASCHIM,null,Uttara Sub Area 01
14935,Health care Pharma,UTTARA_PASCHIM,null,Uttara Sub Area 01
15401,Innovizz pharma,UTTARA_PASCHIM,null,Uttara Sub Area 01
14644,Cure & care Pharma,UTTARA_PASCHIM,null,Uttara Sub Area 01
16612,Alom pharmacy,UTTARA_PASCHIM,null,Uttara Sub Area 01
15369,Jannat pharmacy.,UTTARA_PASCHIM,null,Uttara Sub Area 01
16996,Zeem pharmacy,UTTARA_PASCHIM,null,Uttara Sub Area 01
16216,Ayaan pharma,UTTARA_PASCHIM,null,Uttara Sub Area 01
10421,Gulta Pharma,UTTARA_PASCHIM,null,Uttara Sub Area 01
17850,Medicine Corner,UTTARA_PASCHIM,null,Uttara Sub Area 01
17094,Aabir Pharmacy,UTTARA_PASCHIM,null,Uttara Sub Area 01
16418,Janani pharmacy,UTTARA_PASCHIM,null,Uttara Sub Area 01
15955,For M pharmacy,UTTARA_PASCHIM,null,Uttara Sub Area 01
15182,"এ,রব ফার্মেসি",UTTARA_PASCHIM,null,Uttara Sub Area 01
7489,Tazree pharma,UTTARA_PASCHIM,Sector -12,Uttara Sub Area 01
8218,Tazree Pharmesy 2,UTTARA_PASCHIM,Sector 12,Uttara Sub Area 01
12701,A.Rob Pharma,UTTARA_PASCHIM,"Sector 12,13,14 Mor",Uttara Sub Area 01
7447,Raya Pharma,UTTARA_PASCHIM,Sector 14,Uttara Sub Area 01
5984,Peace pharmacy,UTTARA_PASCHIM,Sector 14,Uttara Sub Area 01
9927,Four M Pharma LTD,UTTARA_PASCHIM,Uttara Sector 14,Uttara Sub Area 01
5010,Tuba Pharmacy,UTTARA_PASCHIM,Uttara Sector 14,Uttara Sub Area 01
7291,A.S Pharma & Dental Care,UTTARA_PASCHIM,Uttara Sector 14,Uttara Sub Area 01
17004,Sourav medical Hall,UTTARA_PASCHIM,,Uttara Sub Area 01
8028,Dhaka specialized hospital,UTTARA_PASCHIM,,Uttara Sub Area 01
4965,F.R Pharma,UTTARA_PASCHIM,,Uttara Sub Area 01
11672,Baraka's medicine corner,UTTARA_PASCHIM,,Uttara Sub Area 01
7552,Noman pharmacy,UTTARA_PASCHIM,,Uttara Sub Area 01
18415,Radical Hospital pharmacy,UTTARA_PASCHIM,,Uttara Sub Area 01
7603,M/S Pharma & Telecommunication,UTTARA_PASCHIM,,Uttara Sub Area 01
19000,Abdullah pharmacy,UTTARA_PASCHIM,,Uttara Sub Area 01
4747,Horizon Pharma,UTTARA_PASCHIM,,Uttara Sub Area 01
17501,Medcare Pharma,UTTARA_PASCHIM,,Uttara Sub Area 01
9592,Safe Way Pharma,UTTARA_PURBA,Uttara,Uttara Sub Area 01
9804,Medicare pharma,UTTARA_PURBA,Uttora Sector -13,Uttara Sub Area 01
14153,Ba-Sin Pharmacy,UTTARA_PURBA,,Uttara Sub Area 01
15357,Raya Pharma,UTTARA_PURBA,,Uttara Sub Area 01
13440,T.S Medicine Corner,TURAG,Bamnartek Main Road,Uttara Sub Area 02
13439,R M Pharma,TURAG,Bamnartek Main Road,Uttara Sub Area 02
13438,Mazumder Pharmacy,TURAG,Bamnartek Main Road,Uttara Sub Area 02
13437,Rahmaniya Medicine Corner,TURAG,Bamnartek Main Road,Uttara Sub Area 02
13436,Pritul Medical Hall,TURAG,Bamnartek Main Road,Uttara Sub Area 02
13434,Naim Medicine Corner,TURAG,Bamnartek Main Road,Uttara Sub Area 02
13433,Abdur Rahim Pharma,TURAG,Bamnartek Main Road,Uttara Sub Area 02
13307,Sarker Medicine Corner,TURAG,Batulia Chourasta,Uttara Sub Area 02
13504,Rafi Pharmacy,TURAG,Bhatuliya Chairman bari Road,Uttara Sub Area 02
13501,Right Pharmacy,TURAG,Bhatuliya Chairman bari Road,Uttara Sub Area 02
13313,Noman Medicine Corner,TURAG,Bhatuliya Dotala Mosjid Road,Uttara Sub Area 02
13503,Yeasin medicine corner,TURAG,Bhatuliya Road,Uttara Sub Area 02
13022,Ma Pharmacy,TURAG,Dharanger Tak,Uttara Sub Area 02
13188,Viona Drug House,TURAG,Dhaur,Uttara Sub Area 02
13029,Tamim Medical Hall,TURAG,Dhorongertac,Uttara Sub Area 02
13024,Ardi Medicine Corner,TURAG,Dhorongertac,Uttara Sub Area 02
13455,Afan Pharmacy,TURAG,Dhour,Uttara Sub Area 02
13305,Shakib Medicine Corner,TURAG,Dhour,Uttara Sub Area 02
13303,Chishtiya Pharma Zone,TURAG,Dhour,Uttara Sub Area 02
13301,S.M Pharma,TURAG,Dhour,Uttara Sub Area 02
13297,Saff Surgical & Hygine Company,TURAG,Dhour,Uttara Sub Area 02
13294,Ridan Pharmacy,TURAG,Dhour,Uttara Sub Area 02
13288,Ma Medicine Corner,TURAG,Dhour,Uttara Sub Area 02
13286,Muslima Pharmacy,TURAG,Dhour,Uttara Sub Area 02
13197,Munna Medical Corner,TURAG,Dhour,Uttara Sub Area 02
13190,Healthcare Pharma,TURAG,Dhour,Uttara Sub Area 02
13491,Daily Needs & Pharma,TURAG,Dhour Main Road,Uttara Sub Area 02
13490,Johora Medical Hall,TURAG,Dhour Main Road,Uttara Sub Area 02
13458,Rangpur Pharmacy,TURAG,Dhour Main Road,Uttara Sub Area 02
13456,A N Drug House,TURAG,Dhour Main Road,Uttara Sub Area 02
13495,Safe Sergical & Medicine  Zone,TURAG,Esat- West Medical Get,Uttara Sub Area 02
13000,Bismillah Pharma & Nihad Telecom,TURAG,Fulbaria,Uttara Sub Area 02
12999,Khan Pharmacy,TURAG,Fulbaria,Uttara Sub Area 02
12906,Seba Pharmacy,TURAG,Fulbaria,Uttara Sub Area 02
7828,Alo Medical Hall,TURAG,Fulbaria,Uttara Sub Area 02
7380,M/S Popular Pharmacy,TURAG,Fulbaria,Uttara Sub Area 02
7327,Firoza pharmacy,UTTARA_PURBA,Fulbaria,Uttara Sub Area 02
7320,Shifa Pharmacy,UTTARA_PURBA,Fulbaria,Uttara Sub Area 02
7557,Ma Baba Medical Hall,TURAG,Fulbariya Bazar,Uttara Sub Area 02
13180,Nasir Drug House,TURAG,Gugula,Uttara Sub Area 02
13184,Nur Pharma Zone,TURAG,Gulgula,Uttara Sub Area 02
13366,Lamia Medicine Musium,TURAG,Kamarpara,Uttara Sub Area 02
13170,Tasnim Pharma,TURAG,Kamarpara,Uttara Sub Area 02
13284,Tamanna Medicine Corner,TURAG,Kamarpara  lebur mor,Uttara Sub Area 02
13283,Shuvo Medicine Corner,TURAG,Kamarpara  lebur mor,Uttara Sub Area 02
13191,Rafi Pharmacy,TURAG,Kamarpara  thana Road,Uttara Sub Area 02
13181,Shefa Pharma,TURAG,Kamarpara  thana Road,Uttara Sub Area 02
13160,Care Plus,UTTARA_PASCHIM,Kamarpara bus Stand,Uttara Sub Area 02
13506,Salman Pharmacy,TURAG,Kamarpara Hanif Ali Mor,Uttara Sub Area 02
13489,Alam Pharmacy,TURAG,Kamarpara Hanif Ali Mor,Uttara Sub Area 02
13452,Kamarpara Pharmacy,TURAG,Kamarpara Hanif Ali Mor,Uttara Sub Area 02
13293,BISMILLAH FARMACY,TURAG,Kamarpara Hanif Ali Mor,Uttara Sub Area 02
13109,Janata Pharmacy,UTTARA_PASCHIM,Kamarpara Kaliyartek,Uttara Sub Area 02
13094,Sadiya pharmacy,UTTARA_PASCHIM,Kamarpara Kaliyartek,Uttara Sub Area 02
13369,Century Drug 01,TURAG,Kamarpara Notun Bazar,Uttara Sub Area 02
13162,Janani pharmacy,TURAG,Kamarpara Notun Bazar,Uttara Sub Area 02
13318,Lipi Pharmacy,TURAG,Kamarpara Puran bazar,Uttara Sub Area 02
13487,MN PHARMACY,TURAG,Kamarpara Sapla Mor,Uttara Sub Area 02
13311,Sotota Pharmacy,TURAG,Nayani Chala,Uttara Sub Area 02
12855,Shakib Medicine Corner,TURAG,Nishat Nagar,Uttara Sub Area 02
13432,Ash Sifa Shastho seba,TURAG,Noyanagar Main Road,Uttara Sub Area 02
13431,M/S Sumaiya Pharmacy,TURAG,Noyanogor,Uttara Sub Area 02
13173,Shahin Medicine Corner,TURAG,Noyanogor,Uttara Sub Area 02
13167,M/S honowara Medicine Corner,TURAG,Noyanogor,Uttara Sub Area 02
13164,Ma Pharmacy,TURAG,Noyanogor,Uttara Sub Area 02
13161,Miran Medicine Corner,TURAG,Noyanogor,Uttara Sub Area 02
16902,বিসমিল্লাহ ফার্মেসি,TURAG,null,Uttara Sub Area 02
16596,জননী ফার্মেসী,TURAG,null,Uttara Sub Area 02
16922,বিসমিল্লাহ মেডিসিন কর্নার,TURAG,null,Uttara Sub Area 02
16019,আলিফ মেডিকেল হল,TURAG,null,Uttara Sub Area 02
17878,Alim medicine corner,TURAG,null,Uttara Sub Area 02
14577,Ma pharmacy,TURAG,null,Uttara Sub Area 02
14688,"A,N darg house",TURAG,null,Uttara Sub Area 02
14215,Alhamduliaah Drug House,TURAG,null,Uttara Sub Area 02
10479,Maymuna Medicine corner,UTTARA_PASCHIM,null,Uttara Sub Area 02
16377,Shafali health care pharma,TURAG,null,Uttara Sub Area 02
13058,Ma pharmacy,TURAG,null,Uttara Sub Area 02
15665,Jinuk pharmacy,TURAG,null,Uttara Sub Area 02
17337,"A, N drag hawos",TURAG,null,Uttara Sub Area 02
17279,Modina medicine corner,TURAG,null,Uttara Sub Area 02
17206,Matrichaya pharmacy,TURAG,null,Uttara Sub Area 02
15406,Mayer dowa madicel holl 2,TURAG,null,Uttara Sub Area 02
17191,Rupa Pharma,TURAG,null,Uttara Sub Area 02
17159,Azad pharmacy,TURAG,null,Uttara Sub Area 02
16943,মা-বাবা মেডিকেল হল,TURAG,null,Uttara Sub Area 02
16243,সরকার মেডিসিন পয়েন্ট,UTTARA_PASCHIM,null,Uttara Sub Area 02
17387,সরকার ফার্মেসি এন্ড ডিপার্টমেন্টাল স্টোর,UTTARA_PASCHIM,null,Uttara Sub Area 02
16682,সবুজ ছাতা গাজী ক্লিনি,TURAG,null,Uttara Sub Area 02
12948,Al-Nur Drug House,TURAG,Ranavola,Uttara Sub Area 02
12951,Life Care Pharma,TURAG,Ranavola,Uttara Sub Area 02
12959,Bismillah Pharmacy-2,TURAG,Ranavola,Uttara Sub Area 02
7470,Nayan pharmacy,TURAG,Ranavola,Uttara Sub Area 02
12947,Medicine Point,TURAG,Ranavola,Uttara Sub Area 02
13101,Sarker medicine point,UTTARA_PASCHIM,Ranavola,Uttara Sub Area 02
12952,Life Cure Pharma & Baby Food,TURAG,Ranavola,Uttara Sub Area 02
13175,Century Drug 02,TURAG,Ranavola,Uttara Sub Area 02
12998,Ma Medicine Point,TURAG,Ranavola,Uttara Sub Area 02
13442,Ranavola Medical Center,TURAG,Ranavola,Uttara Sub Area 02
7653,Bismillah pharma,TURAG,Ranavola,Uttara Sub Area 02
13185,Lamiya Medicine House,TURAG,Raza bari Chourasta,Uttara Sub Area 02
13287,Mayer Doa Medical hall,TURAG,Razabari Pukurpar,Uttara Sub Area 02
12816,Niramoy Pharmacy,TURAG,Sector-10,Uttara Sub Area 02
13381,Abdullah pharmacy,TURAG,,Uttara Sub Area 02
19030,Protiva Medicine Shop,TURAG,,Uttara Sub Area 02
13563,Alif mim drug house,TURAG,,Uttara Sub Area 02
19425,মজুমদার ড্রাগ হাউস,UTTARA_PASCHIM,,Uttara Sub Area 02
14301,Rhohomania madicine conar,TURAG,null,Uttara Sub Area 02
13893,Star farma,TURAG,null,Uttara Sub Area 02
17406,Sajid pharmecy,TURAG,null,Uttara Sub Area 02
13926,Takwa Pharma,TURAG,null,Uttara Sub Area 02
16842,Khairul Medicine Corner,TURAG,null,Uttara Sub Area 02
15717,Ridan pharmacy,TURAG,null,Uttara Sub Area 02
15716,Orpvo medicine conar,TURAG,null,Uttara Sub Area 02
15715,Rifat pharmacy,TURAG,null,Uttara Sub Area 02
15711,Seba pharmacy,TURAG,null,Uttara Sub Area 02
13941,Shafali madicine conar,TURAG,null,Uttara Sub Area 02
17855,Sabbir 2,TURAG,null,Uttara Sub Area 02
17198,Babul Drug House,TURAG,null,Uttara Sub Area 02
17197,Ma medicin corner,TURAG,null,Uttara Sub Area 02
17130,Brother pharmacy,TURAG,null,Uttara Sub Area 02
17266,Tanvir Pharmacy,TURAG,null,Uttara Sub Area 02
14219,Nadia pharmacy,TURAG,null,Uttara Sub Area 02
15563,Pharma point,TURAG,null,Uttara Sub Area 02
15592,Doctor pharmacy,TURAG,null,Uttara Sub Area 02
14492,Viona pharmacy,TURAG,null,Uttara Sub Area 02
14869,Ma pharmacy,TURAG,null,Uttara Sub Area 02
16908,Islamia Pharmacy,TURAG,null,Uttara Sub Area 02
17081,Rabeya Pharmacy,TURAG,null,Uttara Sub Area 02
15097,Rupa pharmacy,TURAG,null,Uttara Sub Area 02
15117,Nowakhali Drug -2,TURAG,null,Uttara Sub Area 02
15131,Alim medicine corner,TURAG,null,Uttara Sub Area 02
14702,Forida pharmacy,TURAG,null,Uttara Sub Area 02
16917,Feeroza pharmacy,TURAG,null,Uttara Sub Area 02
17868,Bismillah pharmacy,TURAG,null,Uttara Sub Area 02
17871,S.D Pharma,TURAG,null,Uttara Sub Area 02
18212,Ma medical hall,TURAG,null,Uttara Sub Area 02
17853,কামারপাড়া ড্রাগ হাউস ২,TURAG,null,Uttara Sub Area 02
16109,মায়ের দোয়া মেডিকেল হল,TURAG,null,Uttara Sub Area 02
17874,Rayhan farmacy,TURAG,null,Uttara Sub Area 02
13358,Asha Surgical & Pharmacy,TURAG,Sector -10,Uttara Sub Area 02
13461,Khan Pharmacy,TURAG,Sector 10,Uttara Sub Area 02
17171,বিসমিল্লাহ ফার্মেসি,TURAG,,Uttara Sub Area 02
8221,Abdullah medicine corner,TURAG,,Uttara Sub Area 02
12587,Asif pharmacy,TURAG,,Uttara Sub Area 02
18929,Nari o shisu chikitsha kendro pharmacy,TURAG,,Uttara Sub Area 02
19318,Tamim pharmacy,TURAG,,Uttara Sub Area 02
13752,Hazi lotif pharma,TURAG,,Uttara Sub Area 02
11406,Bismillah pharmacy,TURAG,,Uttara Sub Area 02
19196,Fatema Medicine Corner,TURAG,,Uttara Sub Area 02
13798,Kamarpara drag house,TURAG,,Uttara Sub Area 02
13663,Hosne ara 2,TURAG,,Uttara Sub Area 02
18227,Feroza medical care,TURAG,,Uttara Sub Area 02
18833,MS Pharma,TURAG,,Uttara Sub Area 02
17128,Vai vai pharmacy,UTTARA_PASCHIM,null,Uttara Sub Area 02
13107,Priya farmacy 2,UTTARA_PASCHIM,null,Uttara Sub Area 02
17619,আমাদের Pharmacy,UTTARA_PASCHIM,null,Uttara Sub Area 02
17869,ডক্টরস ফার্মা,UTTARA_PASCHIM,null,Uttara Sub Area 02
16255,জননী ফার্মেসী,UTTARA_PASCHIM,null,Uttara Sub Area 02
17384,সরকার ফার্মেসি এন্ড ডিপার্টমেন্টাল স্টোর,UTTARA_PASCHIM,null,Uttara Sub Area 02
13087,Jonoprio Pharmacy,UTTARA_PASCHIM,Sector 10,Uttara Sub Area 02
14196,M/s medicine Corner,BIMAN_BANDAR,,Uttara Sub Area 03
13108,Islamic pharmacy,BIMAN_BANDAR,,Uttara Sub Area 03
12730,Shiraj Pharmacy,BIMAN_BANDAR,Sector-05,Uttara Sub Area 03
12727,Titash Medicine,BIMAN_BANDAR,Sector-05,Uttara Sub Area 03
12706,Leon Medicine Corner,BIMAN_BANDAR,Sector-05,Uttara Sub Area 03
12705,Mother's Smile Pharmacy,BIMAN_BANDAR,Sector-05,Uttara Sub Area 03
12702,Medi Hub,BIMAN_BANDAR,Sector-05,Uttara Sub Area 03
12700,Fahim Pharma & Baby Food,BIMAN_BANDAR,Sector-05,Uttara Sub Area 03
12696,Sabaah Pharma,BIMAN_BANDAR,Sector-03,Uttara Sub Area 03
12688,Uttara Medicine Point,BIMAN_BANDAR,Sector-03,Uttara Sub Area 03
18553,Unique Pharmacy,DAKSHINKHAN,,Uttara Sub Area 03
9992,City Drugs 2,TURAG,Badaldi,Uttara Sub Area 03
8271,city drugs,TURAG,Badaldi,Uttara Sub Area 03
7662,City Drug,UTTARA_PURBA,Badaldi,Uttara Sub Area 03
12770,Rainbow Pharmacy,TURAG,Bauniya,Uttara Sub Area 03
12766,Haque Pharmacy,TURAG,Bauniya,Uttara Sub Area 03
12767,Aziz Medical Hall,TURAG,Bauniya Bazar,Uttara Sub Area 03
7240,Khandakar Pharma,TURAG,DoliPara,Uttara Sub Area 03
7151,Ruma Pharmacy,TURAG,Pakuria Road,Uttara Sub Area 03
12967,Comfort pharmacy,UTTARA_PASCHIM,Robindra Soroni road Azampur,Uttara Sub Area 03
10532,Believe in Pharma,UTTARA_PASCHIM,Sector -7,Uttara Sub Area 03
10520,Medicine mart,UTTARA_PASCHIM,Sector -7,Uttara Sub Area 03
10563,Moyna pharma,UTTARA_PASCHIM,Sector -7,Uttara Sub Area 03
10569,Hemel pharma,UTTARA_PASCHIM,Sector -7,Uttara Sub Area 03
10525,Alif pharma,UTTARA_PASCHIM,Sector-7,Uttara Sub Area 03
10515,Family Pharma,UTTARA_PASCHIM,Sector-7,Uttara Sub Area 03
12707,Ma Pharmacy Sector 07,UTTARA_PASCHIM,Rabindra Sarani Road,Uttara Sub Area 03
12709,Uttara Modern pharmacy,UTTARA_PASCHIM,Rabindra Sarani Road,Uttara Sub Area 03
13927,Daily mart pharmacy,UTTARA_PASCHIM,,Uttara Sub Area 03
12976,Well care pharma,UTTARA_PASCHIM,,Uttara Sub Area 03
11002,Shokal shondha pharmacy,TURAG,,Uttara Sub Area 03
10992,Rabeya pharmacy,TURAG,,Uttara Sub Area 03
19209,Priya pharmacy,TURAG,,Uttara Sub Area 03
12932,Afnan drug house,UTTARA_PASCHIM,,Uttara Sub Area 03
13052,Nahid pharmacy and telecom,UTTARA_PASCHIM,,Uttara Sub Area 03
17757,Adrian medicine corner,TURAG,,Uttara Sub Area 03
13044,S. T. Sorkar pharmacy,UTTARA_PASCHIM,,Uttara Sub Area 03
13193,Sheba medical hall,UTTARA_PASCHIM,,Uttara Sub Area 03
18604,B.N. Pharmacy,UTTARA_PURBA,,Uttara Sub Area 03
17433,Nahid Pharmacy 2,UTTARA_PURBA,,Uttara Sub Area 03
16848,Mumu Pharma,UTTARA_PURBA,,Uttara Sub Area 03
16637,Happy Family Needs Pharma,UTTARA_PURBA,,Uttara Sub Area 03
14619,Jobaer & jaber pharma,TURAG,null,Uttara Sub Area 03
13964,Jonoshasto pharmacy,TURAG,null,Uttara Sub Area 03
17884,Wellhert pharma,TURAG,null,Uttara Sub Area 03
16518,Pharma First,TURAG,null,Uttara Sub Area 03
14692,Mithun pharmacy 2,TURAG,null,Uttara Sub Area 03
11691,Hasan pharmacy,TURAG,,Uttara Sub Area 03
13984,Chowdhury pharmacy,TURAG,,Uttara Sub Area 03
13970,Ms medicine corner,TURAG,,Uttara Sub Area 03
13867,Bismillah pharmacy,TURAG,,Uttara Sub Area 03
6588,Haque Pharma,UTTAR_KHAN,Uttara,Uttara Sub Area 03
18070,Shimol  medi Pharma,UTTARA_PASCHIM,null,Uttara Sub Area 03
12254,Khandoker Pharmacy,UTTARA_PASCHIM,null,Uttara Sub Area 03
13166,Fatema pharmacy,UTTARA_PASCHIM,null,Uttara Sub Area 03
12900,Nabila pharmacy,UTTARA_PASCHIM,null,Uttara Sub Area 03
13423,Sad pharmacy,UTTARA_PASCHIM,null,Uttara Sub Area 03
15784,Biswash medicare,UTTARA_PASCHIM,null,Uttara Sub Area 03
14613,Sokal shondha pharmacy,UTTARA_PASCHIM,null,Uttara Sub Area 03
13932,Nafis medicine corner,UTTARA_PASCHIM,null,Uttara Sub Area 03
17649,S.T. Pharmacy 2,UTTARA_PASCHIM,null,Uttara Sub Area 03
14366,Mayer dowa pharmacy,UTTARA_PASCHIM,null,Uttara Sub Area 03
17784,Joy pharmacy,UTTARA_PASCHIM,null,Uttara Sub Area 03
15193,Mina pharma,UTTARA_PASCHIM,null,Uttara Sub Area 03
15783,Mayaz Pharma,UTTARA_PASCHIM,null,Uttara Sub Area 03
14603,Islam pharmacy,UTTARA_PASCHIM,null,Uttara Sub Area 03
15786,Medi vision Pharma,UTTARA_PASCHIM,null,Uttara Sub Area 03
13943,Sadya pharmacy,UTTARA_PASCHIM,null,Uttara Sub Area 03
14167,Zam zam pharmacy,UTTARA_PASCHIM,null,Uttara Sub Area 03
15206,Jonoshasto pharmacy,UTTARA_PASCHIM,null,Uttara Sub Area 03
15888,Foyez medicine center,UTTARA_PASCHIM,null,Uttara Sub Area 03
14706,Umor pharma,UTTARA_PASCHIM,null,Uttara Sub Area 03
14699,Mayer Doya Pharmacy,UTTARA_PASCHIM,null,Uttara Sub Area 03
16610,Life care pharma,UTTARA_PASCHIM,null,Uttara Sub Area 03
18078,Moyna pharmacy,UTTARA_PASCHIM,null,Uttara Sub Area 03
15891,Amena pharmacy,UTTARA_PASCHIM,null,Uttara Sub Area 03
16630,Hameem Pharmacy,UTTARA_PASCHIM,null,Uttara Sub Area 03
17854,হ্যাপি ফ্যামিলি ফারমা,UTTARA_PASCHIM,null,Uttara Sub Area 03
14705,Anowar pharmacy,UTTARA_PASCHIM,null,Uttara Sub Area 03
16071,Siraj Pharmacy,UTTARA_PASCHIM,null,Uttara Sub Area 03
17922,Uttara medicine,UTTARA_PASCHIM,null,Uttara Sub Area 03
17635,Sabha Pharmacy,UTTARA_PASCHIM,null,Uttara Sub Area 03
15551,RX medicine,UTTARA_PASCHIM,null,Uttara Sub Area 03
15179,Maa pharmacy,UTTARA_PASCHIM,null,Uttara Sub Area 03
16070,Aesthetic Pharma,UTTARA_PASCHIM,null,Uttara Sub Area 03
14766,Seyam Pharma,UTTARA_PASCHIM,null,Uttara Sub Area 03
13165,Bismillah pharma,UTTARA_PASCHIM,null,Uttara Sub Area 03
11014,Belove pharmacy,UTTARA_PASCHIM,null,Uttara Sub Area 03
16781,Bismilla pharmacy,UTTARA_PASCHIM,null,Uttara Sub Area 03
13998,Zannat medical center,UTTARA_PASCHIM,null,Uttara Sub Area 03
18069,Shikder pharmacy 2,UTTARA_PASCHIM,null,Uttara Sub Area 03
14960,New care Medicine,UTTARA_PASCHIM,null,Uttara Sub Area 03
16879,Schacho Pharma,UTTARA_PASCHIM,null,Uttara Sub Area 03
14657,Family care pharmacy,UTTARA_PASCHIM,null,Uttara Sub Area 03
17907,Md.mithi pharmacy,UTTARA_PASCHIM,null,Uttara Sub Area 03
18199,Belove pharmacy 2,UTTARA_PASCHIM,null,Uttara Sub Area 03
18077,Comfort pharmacy 2,UTTARA_PASCHIM,null,Uttara Sub Area 03
12989,rebar medical hall,UTTARA_PASCHIM,null,Uttara Sub Area 03
12729,A R PHARMACY,UTTARA_PASCHIM,Sector 07,Uttara Sub Area 03
7663,Arafat pharmacy,UTTARA_PASCHIM,sector 3,Uttara Sub Area 03
9331,M/S City Drugs,UTTARA_PASCHIM,Sector 3,Uttara Sub Area 03
10073,Trishita drug house,UTTARA_PASCHIM,Sector 5,Uttara Sub Area 03
8183,OFC PHARMA,UTTARA_PASCHIM,Sector- 05,Uttara Sub Area 03
12728,United Pharma,UTTARA_PASCHIM,Sector-05,Uttara Sub Area 03
7277,Medlife Pharmacy,UTTARA_PASCHIM,Uttara (Sector - 05),Uttara Sub Area 03
7284,Rahman Pharma and Baby Food,UTTARA_PASCHIM,Uttara (Sector - 05),Uttara Sub Area 03
7924,Dhaka Pharmacy,UTTARA_PASCHIM,Uttara Model Town,Uttara Sub Area 03
13056,Medicine  point,UTTARA_PASCHIM,,Uttara Sub Area 03
15993,Seba,UTTARA_PASCHIM,,Uttara Sub Area 03
13163,Rishan medical hall,UTTARA_PASCHIM,,Uttara Sub Area 03
12931,Shikdar pharmacy,UTTARA_PASCHIM,,Uttara Sub Area 03
18284,Raiyan Pharmacy,UTTARA_PASCHIM,,Uttara Sub Area 03
16912,Mishal Life Pharma,UTTARA_PASCHIM,,Uttara Sub Area 03
17960,Health Pharma,UTTARA_PASCHIM,,Uttara Sub Area 03
18225,Foir M pharma 2,UTTARA_PASCHIM,,Uttara Sub Area 03
13801,Believe in pharma,UTTARA_PASCHIM,,Uttara Sub Area 03
4819,হক ফার্মা,UTTARA_PASCHIM,,Uttara Sub Area 03
13202,One Pharma,UTTARA_PASCHIM,,Uttara Sub Area 03
7872,Shapan medicine corner,UTTARA_PURBA,Uttara Model Town,Uttara Sub Area 03
10531,Mayer Dowa Pharmacy,UTTARA_PURBA,,Uttara Sub Area 03
14817,Janony pharmacy,UTTARA_PURBA,,Uttara Sub Area 03
17632,Jakir Medical Center,TURAG,null,Uttara Sub Area 04
17630,Zia Medical Hall,TURAG,null,Uttara Sub Area 04
13784,Mayer dowa madicel holl,TURAG,,Uttara Sub Area 04
13009,Medicine Corner Plus,TURAG,Nolvog,Uttara Sub Area 04
13003,Rahima pharmacy,TURAG,Nolvog,Uttara Sub Area 04
13346,Mithu Medicine & The Store,UTTARA_PASCHIM,Sector-09,Uttara Sub Area 04
12802,Hamza Medicine & Departmental Store,UTTARA_PASCHIM,Sector-09,Uttara Sub Area 04
14129,Zulfar Pharmacy,UTTARA_PASCHIM,Sector-09,Uttara Sub Area 04
12825,Arushi Pharmacy & Departmental Store,UTTARA_PASCHIM,Sector-09,Uttara Sub Area 04
12821,Amin Pharmacy,UTTARA_PASCHIM,Sector-09,Uttara Sub Area 04
14893,Mazhar Pharma,UTTARA_PASCHIM,Sector-09,Uttara Sub Area 04
12809,Zenith Pharma Plus,UTTARA_PASCHIM,Sector-09,Uttara Sub Area 04
12804,Araf Pharmacy,UTTARA_PASCHIM,Sector-09,Uttara Sub Area 04
13353,Junayed Pharmacy,TURAG,Sector-10,Uttara Sub Area 04
13450,Doctors Pharma & Chamber,TURAG,Sector-10,Uttara Sub Area 04
12938,Ma Medicine Corner,UTTARA_PASCHIM,Sector-10,Uttara Sub Area 04
12945,A.B Pharma,UTTARA_PASCHIM,Sector-10,Uttara Sub Area 04
12941,Hossain Pharmacy,UTTARA_PASCHIM,Sector-10,Uttara Sub Area 04
10338,Life pharma,UTTARA_PASCHIM,Sector-10,Uttara Sub Area 04
10343,Narsingdi Medicine corner,UTTARA_PASCHIM,Sector-10,Uttara Sub Area 04
13317,Taqwa Pharmacy,TURAG,Sector-10,Uttara Sub Area 04
12870,Aleena's Pharma & Super Shop,UTTARA_PASCHIM,Sector-11,Uttara Sub Area 04
12867,United Pharmacy,UTTARA_PASCHIM,Sector-11,Uttara Sub Area 04
12854,Shakib Medicine,UTTARA_PASCHIM,Sector-11,Uttara Sub Area 04
12863,J.K Medicine And Departmental Store,UTTARA_PASCHIM,Sector-11,Uttara Sub Area 04
12866,Niloy Pharmacy,UTTARA_PASCHIM,Sector-11,Uttara Sub Area 04
12899,Shugondha Pharmacy,UTTARA_PASCHIM,Sector-11,Uttara Sub Area 04
12819,M/S SK Surgical,UTTARA_PASCHIM,Sector-11,Uttara Sub Area 04
7951,Amardesh Pharmacy,UTTARA_PURBA,Sector-11,Uttara Sub Area 04
12734,SMART PHARMA,UTTARA_PASCHIM,Sector-9,Uttara Sub Area 04
13345,Mithun& Moumita Pharmacy,UTTARA_PASCHIM,Sector-9,Uttara Sub Area 04
11378,Momin pharmacy,UTTARA_PASCHIM,Sector-9,Uttara Sub Area 04
10700,Sifat pharmacy-2,UTTARA_PASCHIM,Sector-9,Uttara Sub Area 04
11382,Ayesha pharma,UTTARA_PASCHIM,Sector-9,Uttara Sub Area 04
13132,Zia Medical,UTTARA_PASCHIM,,Uttara Sub Area 04
10691,Apu pharmacy,UTTARA_PASCHIM,Sector-9,Uttara Sub Area 04
10701,Sifat pharmacy,UTTARA_PASCHIM,Sector-9,Uttara Sub Area 04
11379,Rokeya medicine corner,UTTARA_PASCHIM,Sector-9,Uttara Sub Area 04
10693,Bikrampur pharmacy,UTTARA_PASCHIM,Sector-9,Uttara Sub Area 04
18759,Taj farma,UTTARA_PASCHIM,,Uttara Sub Area 04
17562,Elias pharma,TURAG,null,Uttara Sub Area 04
17161,Sheba pharmacy,TURAG,null,Uttara Sub Area 04
15864,Roji pharmacy.,UTTARA_PASCHIM,null,Uttara Sub Area 04
15796,Mozammel pharmacy,UTTARA_PASCHIM,null,Uttara Sub Area 04
15792,Hossain pharmacy,UTTARA_PASCHIM,null,Uttara Sub Area 04
18230,Sheba pharmacy,UTTARA_PASCHIM,null,Uttara Sub Area 04
17800,Oushad pattha medicine corner,UTTARA_PASCHIM,null,Uttara Sub Area 04
14149,A.N.K PHARMACY,UTTARA_PASCHIM,null,Uttara Sub Area 04
10570,Lifeline,UTTARA_PASCHIM,null,Uttara Sub Area 04
10571,Capital Pharma,UTTARA_PASCHIM,null,Uttara Sub Area 04
10573,Al Hera Pharmacy,UTTARA_PASCHIM,null,Uttara Sub Area 04
15806,Islam Drug House.,UTTARA_PASCHIM,null,Uttara Sub Area 04
15871,Sumiya pharmacy.,UTTARA_PASCHIM,null,Uttara Sub Area 04
17780,Moushi pharmacy,UTTARA_PASCHIM,null,Uttara Sub Area 04
18104,Abdullah Pharmacy,UTTARA_PASCHIM,null,Uttara Sub Area 04
11189,Super Care Pharma,UTTARA_PASCHIM,null,Uttara Sub Area 04
17866,Tawakkul pharmacy,UTTARA_PASCHIM,null,Uttara Sub Area 04
15805,Sonali pharmacy,UTTARA_PASCHIM,null,Uttara Sub Area 04
16992,Sifat Pharmacy & Surgical,UTTARA_PASCHIM,null,Uttara Sub Area 04
15454,Medicine Corner,UTTARA_PASCHIM,null,Uttara Sub Area 04
15794,Popular pharmacy.,UTTARA_PASCHIM,null,Uttara Sub Area 04
15760,Mim pharmacy.,UTTARA_PASCHIM,null,Uttara Sub Area 04
15814,Jononi medical,UTTARA_PASCHIM,null,Uttara Sub Area 04
17362,Janani pharmacy,UTTARA_PASCHIM,null,Uttara Sub Area 04
16254,ঔষধ পথ্য,UTTARA_PASCHIM,null,Uttara Sub Area 04
14652,New aroma medicine pharma,UTTARA_PASCHIM,null,Uttara Sub Area 04
15764,Tonni pharmacy.,UTTARA_PASCHIM,null,Uttara Sub Area 04
14929,S S Fharma,UTTARA_PASCHIM,null,Uttara Sub Area 04
15094,Rose Pharma,UTTARA_PASCHIM,null,Uttara Sub Area 04
16503,Arushi pharmacy 2,UTTARA_PASCHIM,null,Uttara Sub Area 04
16724,Nahar pharmacy,UTTARA_PASCHIM,null,Uttara Sub Area 04
17190,Khan Pharmacy,UTTARA_PASCHIM,null,Uttara Sub Area 04
15853,Fahad Pharma,UTTARA_PASCHIM,null,Uttara Sub Area 04
15749,Bismillah pharmacy.,UTTARA_PASCHIM,null,Uttara Sub Area 04
16526,Nondita pharmacy,UTTARA_PASCHIM,null,Uttara Sub Area 04
17457,নওশাদ ফার্মেসি,UTTARA_PASCHIM,null,Uttara Sub Area 04
12807,Rik Pharmacy,UTTARA_PASCHIM,Secctor-09,Uttara Sub Area 04
13347,Onu Pharma,UTTARA_PASCHIM,Sector 09,Uttara Sub Area 04
13350,Day Night Pharmacy,UTTARA_PASCHIM,Uttara (Sector 11),Uttara Sub Area 04
12857,Narshindi Medicine Corner,UTTARA_PASCHIM,Uttara (Sector 11),Uttara Sub Area 04
12861,Hafsa Pharma,UTTARA_PASCHIM,Uttara (Sector 11),Uttara Sub Area 04
15902,Islam Medicine Corner,UTTARA_PASCHIM,,Uttara Sub Area 04
18430,Mousi Pharmacy,UTTARA_PASCHIM,,Uttara Sub Area 04
11283,Lucky Healthcare,UTTARA_PASCHIM,,Uttara Sub Area 04
12237,Adrika pharma and department store,UTTARA_PASCHIM,,Uttara Sub Area 04
18617,Health Care Pharmacy,UTTARA_PASCHIM,,Uttara Sub Area 04
11610,Maa Pharma,UTTARA_PASCHIM,,Uttara Sub Area 04
12236,Bismillah pharmacy,UTTARA_PASCHIM,,Uttara Sub Area 04
13092,Madina Manowara Pharma,UTTARA_PASCHIM,,Uttara Sub Area 04
13137,Mashuka pharmacy,UTTARA_PASCHIM,,Uttara Sub Area 04
15075,Bhai Bhai 2,UTTARA_PASCHIM,,Uttara Sub Area 04
13406,Bhai bhai pharmacy,UTTARA_PASCHIM,,Uttara Sub Area 04
18111,Sheba pharmacy 2,UTTARA_PASCHIM,,Uttara Sub Area 04
19008,MS Janoni pharmacy,UTTARA_PASCHIM,,Uttara Sub Area 04
10680,The mohsin medical hall,UTTARA_PURBA,Sector -9,Uttara Sub Area 04
10685,Fariha pharmacy,UTTARA_PURBA,Sector -9,Uttara Sub Area 04
6387,R. K. Pharma,UTTARA_PURBA,Uttara (Sector 11),Uttara Sub Area 04
7477,এ হক ফার্মেসী এন্ড ডিপার্টমেন্টাল ষ্টোর,UTTARA_PURBA,সেক্টর১০,Uttara Sub Area 04
12677,Mayer Dowa Medicine Corner,UTTARA_PURBA,,Uttara Sub Area 04
18660,Comilla Pharma,DAKSHINKHAN,,Uttara Sub Area 05
18424,Moushir pharmacy,DAKSHINKHAN,,Uttara Sub Area 05
18421,Brothers medicine corner,DAKSHINKHAN,,Uttara Sub Area 05
18253,Jannat pharmacy,DAKSHINKHAN,null,Uttara Sub Area 05
18149,Seba pharmacy 1,DAKSHINKHAN,null,Uttara Sub Area 05
18061,Seba pharmacy,DAKSHINKHAN,null,Uttara Sub Area 05
17731,Nur midicen holl,DAKSHINKHAN,null,Uttara Sub Area 05
17714,Ma Babar Doya pharmacy 2,DAKSHINKHAN,null,Uttara Sub Area 05
17568,Seba Medicine Corner,DAKSHINKHAN,null,Uttara Sub Area 05
17448,Rahmaniya Pharmacy,DAKSHINKHAN,null,Uttara Sub Area 05
17316,Sanjid Medical Hall,DAKSHINKHAN,null,Uttara Sub Area 05
17183,First care Pharma,DAKSHINKHAN,null,Uttara Sub Area 05
17055,আল-ইছা মেডিশপ,DAKSHINKHAN,null,Uttara Sub Area 05
16758,Bangladesh pharmacy,DAKSHINKHAN,null,Uttara Sub Area 05
16663,Naeem Pharma,DAKSHINKHAN,null,Uttara Sub Area 05
16632,Shohel Medical hall,DAKSHINKHAN,null,Uttara Sub Area 05
16379,Ms Mayer dowa pharmacy,DAKSHINKHAN,null,Uttara Sub Area 05
16164,Sadia pharmacy,DAKSHINKHAN,,Uttara Sub Area 05
15958,Unique Pharma,DAKSHINKHAN,null,Uttara Sub Area 05
14474,Loknath pharmacy,DAKSHINKHAN,null,Uttara Sub Area 05
13500,BD Pharma,DAKSHINKHAN,,Uttara Sub Area 05
12509,Chandpur Medicine Corner,DAKSHINKHAN,Moddho Azampur,Uttara Sub Area 05
12441,Mayer Dua Pharmacy,DAKSHINKHAN,Moddho Azampur,Uttara Sub Area 05
12414,Din Pharmacy & Confectionary,DAKSHINKHAN,Moddho Azampur,Uttara Sub Area 05
12366,Rudroo Medical Center,DAKSHINKHAN,,Uttara Sub Area 05
12354,Asian King pharmacy,DAKSHINKHAN,Muktijodha Soroni Road,Uttara Sub Area 05
12351,Nur Pharmacy 01,DAKSHINKHAN,Muktijodha Road,Uttara Sub Area 05
12287,Shila Moni Medicine Corner,DAKSHINKHAN,,Uttara Sub Area 05
12162,Alif pharmacy,DAKSHINKHAN,Mosaer,Uttara Sub Area 05
12161,M/S Akon Medical Hall,DAKSHINKHAN,Chalabon,Uttara Sub Area 05
12159,M/S Mia Medical Hall,DAKSHINKHAN,Shah Kabir Mazar,Uttara Sub Area 05
12156,Khandakar pharma,DAKSHINKHAN,Chalabon,Uttara Sub Area 05
12152,M.N Pharma,DAKSHINKHAN,Chalabon,Uttara Sub Area 05
12151,M/S Dipa Medical Hall,DAKSHINKHAN,Chalabon,Uttara Sub Area 05
12146,Rafi Medical Hall,DAKSHINKHAN,Chalabon,Uttara Sub Area 05
12141,Hasi Khusi Pharmacy,DAKSHINKHAN,Chalabon,Uttara Sub Area 05
11926,A Mannan Pharma,DAKSHINKHAN,Azampur,Uttara Sub Area 05
11922,Medicine Plus,DAKSHINKHAN,Azampur,Uttara Sub Area 05
11916,R-A Pharma,DAKSHINKHAN,Azampur,Uttara Sub Area 05
11838,Ansari Pharma,DAKSHINKHAN,Moddho Azampur,Uttara Sub Area 05
11824,Jamal Drug,DAKSHINKHAN,Dakshin Azampur,Uttara Sub Area 05
11639,comilla pharmacy,DAKSHINKHAN,null,Uttara Sub Area 05
3218,Dawa pharmacy,DAKSHINKHAN,AZAMPUR,Uttara Sub Area 05
1727,Bismillah pharmacy,DAKSHINKHAN,AZAMPUR,Uttara Sub Area 05
12361,B-Bariya Pharma,UTTAR_KHAN,AZAMPUR,Uttara Sub Area 05
10123,Shah kabir pharmacy,UTTARA_PURBA,Azampur Kachabazar,Uttara Sub Area 05
12335,Insaf Pharma,UTTAR_KHAN,Balur Math,Uttara Sub Area 05
12309,Al modina,UTTAR_KHAN,Balur Math,Uttara Sub Area 05
12307,Sonjoy Medicine Corner,UTTAR_KHAN,Balur Math,Uttara Sub Area 05
12330,Akter Pharmacy,UTTAR_KHAN,Beparipara,Uttara Sub Area 05
10475,Medi Plus Health Care Center,DAKSHINKHAN,Bir Muktijoddha S.M. Mozammel Haque Road,Uttara Sub Area 05
10462,B.Baria Pharmacy,DAKSHINKHAN,Bir Muktijoddha S.M. Mozammel Haque Road,Uttara Sub Area 05
10457,Chandpur pharmacy,DAKSHINKHAN,Bir Muktijoddha S.M. Mozammel Haque Road,Uttara Sub Area 05
7028,Ayesha Medicine Corner,DAKSHINKHAN,AZAMPUR,Uttara Sub Area 05
7439,Shah Kobir Pharmacy,UTTAR_KHAN,Dakshinkhan,Uttara Sub Area 05
3713,Mollik pharmacy,DAKSHINKHAN,,Uttara Sub Area 05
2948,Maa medicine corner,DAKSHINKHAN,AZAMPUR,Uttara Sub Area 05
12303,Ayesha Pharmacy,UTTAR_KHAN,Fozir Batan,Uttara Sub Area 05
12291,M/S Akhi Nur Pharmacy,UTTAR_KHAN,Fozir Batan,Uttara Sub Area 05
12328,Bismillah Pharmacy,UTTAR_KHAN,Helal Market,Uttara Sub Area 05
12327,Dana Medical Hall,UTTAR_KHAN,Helal Market,Uttara Sub Area 05
3582,Subah Pharmacy,DAKSHINKHAN,KOBORSTHAN_ROAD,Uttara Sub Area 05
12302,Vai Vai Medical,UTTAR_KHAN,Madrasa Road,Uttara Sub Area 05
12305,Brothers Medical Hall,UTTAR_KHAN,Mazar Chourasta,Uttara Sub Area 05
12278,Apu Pharma,UTTAR_KHAN,Mazar Chourasta,Uttara Sub Area 05
12317,The New Life Pharmacy,UTTAR_KHAN,Mazar Modhapara,Uttara Sub Area 05
12346,Lubaba Pharmacy,UTTAR_KHAN,Mazar Road,Uttara Sub Area 05
12341,Sarkar Pharma,UTTAR_KHAN,Mazar Road,Uttara Sub Area 05
12334,Bhuiya Medicine Corner,UTTAR_KHAN,Mazar Road,Uttara Sub Area 05
12319,S.T Pharma,UTTAR_KHAN,Mazar Road,Uttara Sub Area 05
12318,Tanha Medical Hall,UTTAR_KHAN,Mazar Road,Uttara Sub Area 05
12308,Evergreen Pharmacy,UTTAR_KHAN,Mazar Road,Uttara Sub Area 05
12304,Dewan Medicin Corner,UTTAR_KHAN,Mazar Road,Uttara Sub Area 05
12284,Namira & Brothers Pharma,UTTAR_KHAN,Mazar Road,Uttara Sub Area 05
12320,Ayrin Pharma,UTTAR_KHAN,Mazar Road Gazi para,Uttara Sub Area 05
12431,Sharmin Clinic Pharmacy,DAKSHINKHAN,Moddho Azampur,Uttara Sub Area 05
12401,Al-Amin Pharmacy,UTTAR_KHAN,Moddho Azampur,Uttara Sub Area 05
12399,Brothers Medicine Corner,UTTAR_KHAN,Moddho Azampur,Uttara Sub Area 05
12288,Zihan Medicine Corner,UTTAR_KHAN,Molla Para,Uttara Sub Area 05
12352,Life Pharma,UTTAR_KHAN,Muktizoddha Shoroni Road,Uttara Sub Area 05
16047,ARK HOSPITAL,UTTAR_KHAN,null,Uttara Sub Area 05
14039,Fatema madical holl,UTTAR_KHAN,null,Uttara Sub Area 05
17373,Jannat Medical Hall,UTTAR_KHAN,null,Uttara Sub Area 05
17902,Sefali pharmacy,UTTAR_KHAN,null,Uttara Sub Area 05
16552,Ma mahezabien pharmacy,UTTAR_KHAN,null,Uttara Sub Area 05
16502,Tahmina medicine corner,UTTAR_KHAN,null,Uttara Sub Area 05
16026,Madi shop,UTTAR_KHAN,null,Uttara Sub Area 05
15247,Talukder medicine corner,UTTAR_KHAN,null,Uttara Sub Area 05
15086,Shahin medical center,UTTAR_KHAN,null,Uttara Sub Area 05
14211,Asian Pharma,UTTAR_KHAN,null,Uttara Sub Area 05
12363,Basic Needs Taz Pharma.,UTTAR_KHAN,AZAMPUR,Uttara Sub Area 05
12343,Saad Pharmacy,UTTAR_KHAN,Khan kachabazar,Uttara Sub Area 05
12259,Saad pharma,UTTAR_KHAN,null,Uttara Sub Area 05
7136,Mayerdoya Pharmacy,UTTAR_KHAN,Uttora Dakshinkhn,Uttara Sub Area 05
9379,Rajdhani Pharmacy,UTTAR_KHAN,Uttar Khan Mazar,Uttara Sub Area 05
12306,Razib Medical Center,UTTAR_KHAN,Uttar Khan Mazar Road,Uttara Sub Area 05
1094,M/S Mukti Medicine senter,UTTARA_PURBA,UTTAR_KHAN,Uttara Sub Area 05
13999,Ma babar pharmacy,UTTAR_KHAN,,Uttara Sub Area 05
9943,Alif Pharmacy,UTTARA_PASCHIM,Azampur Kachabazar,Uttara Sub Area 05
18086,Mukti medicine center,UTTARA_PURBA,,Uttara Sub Area 05
16329,Ayian Pharmacy,UTTARA_PURBA,,Uttara Sub Area 05
16096,Ma Medicine Corner,UTTARA_PURBA,,Uttara Sub Area 05
16033,Sikha Pharmacy,UTTARA_PURBA,,Uttara Sub Area 05
15928,Mohammadia Pharma,UTTARA_PURBA,,Uttara Sub Area 05
15766,Smart Medicine Care,UTTARA_PURBA,,Uttara Sub Area 05
15739,Kanchon medical Hall,UTTARA_PURBA,,Uttara Sub Area 05
10132,Sanowara medicine corner,UTTARA_PURBA,Azampur Kachabazar,Uttara Sub Area 05
1101,M/S Madina pharmacy,UTTARA_PURBA,UTTAR_KHAN,Uttara Sub Area 05
1098,"Popular Medical centr,",UTTARA_PURBA,UTTAR_KHAN,Uttara Sub Area 05
874,Sheba medicine corner,UTTARA_PURBA,UTTAR_KHAN,Uttara Sub Area 05
871,Noor pharmacy 3,UTTARA_PURBA,UTTAR_KHAN,Uttara Sub Area 05
4357,maa pharmacy,DAKSHINKHAN,null,Uttara Sub Area 05
8092,Mim medicine corner,DAKSHINKHAN,Sector 04,Uttara Sub Area 05
4531,Maa Pharmacy,DAKSHINKHAN,,Uttara Sub Area 05
5785,Noor Pharmacy-2,DAKSHINKHAN,,Uttara Sub Area 05
5807,Adiba Pharma,DAKSHINKHAN,,Uttara Sub Area 05
17892,Tuba medicine corner,UTTAR_KHAN,null,Uttara Sub Area 05
14581,Health aid pharma,UTTAR_KHAN,null,Uttara Sub Area 05
14184,Sad pharmacy,UTTAR_KHAN,null,Uttara Sub Area 05
18081,Sadd pharma,UTTAR_KHAN,null,Uttara Sub Area 05
12464,Mokka medicine corner,UTTAR_KHAN,null,Uttara Sub Area 05
14917,Airing pharmacy,UTTAR_KHAN,null,Uttara Sub Area 05
15428,Bismillah pharmacy,UTTAR_KHAN,null,Uttara Sub Area 05
17891,New Insaf pharmacy,UTTAR_KHAN,null,Uttara Sub Area 05
14685,Update pharmacy,UTTAR_KHAN,null,Uttara Sub Area 05
12628,sf pharma,UTTAR_KHAN,null,Uttara Sub Area 05
14653,Mathers M/holl,UTTAR_KHAN,null,Uttara Sub Area 05
14001,Ma babar doya pharmacy,UTTAR_KHAN,null,Uttara Sub Area 05
15407,S S PHARMA,UTTAR_KHAN,null,Uttara Sub Area 05
15602,Vai bon pharmacy,UTTAR_KHAN,null,Uttara Sub Area 05
17548,Mayer Doya Pharmacy,UTTAR_KHAN,null,Uttara Sub Area 05
13942,Sheuly pharmacy.,UTTAR_KHAN,null,Uttara Sub Area 05
15344,Star pharma,UTTAR_KHAN,null,Uttara Sub Area 05
10752,Ma Pharmacy,UTTAR_KHAN,null,Uttara Sub Area 05
15521,Arif drug house,UTTAR_KHAN,null,Uttara Sub Area 05
14101,Paramayu pharmacy,UTTAR_KHAN,null,Uttara Sub Area 05
14044,Panacea pharmacy,UTTAR_KHAN,null,Uttara Sub Area 05
18124,Adnan Pharmacy 2,UTTAR_KHAN,null,Uttara Sub Area 05
16244,Need pharma,UTTAR_KHAN,null,Uttara Sub Area 05
12283,Maa Medical Hall,UTTAR_KHAN,Uttarkhan Mazar,Uttara Sub Area 05
15115,Rial Pharmacy,UTTAR_KHAN,,Uttara Sub Area 05
12148,Saad pharma,UTTAR_KHAN,,Uttara Sub Area 05
10802,Sadia Pharmacy,UTTAR_KHAN,,Uttara Sub Area 05
18006,Nafi Medicine Corner,UTTAR_KHAN,,Uttara Sub Area 05
13555,Nipa medical corner,UTTAR_KHAN,,Uttara Sub Area 05
12217,Rajib Medical Hall,UTTAR_KHAN,,Uttara Sub Area 05
18797,Shah Pharma,UTTAR_KHAN,,Uttara Sub Area 05
19259,New united medicine corner,UTTAR_KHAN,,Uttara Sub Area 05
12187,allahordanmedicalhall,UTTAR_KHAN,,Uttara Sub Area 05
18228,M/s M.M.Drug house,UTTARA_PASCHIM,,Uttara Sub Area 05
10823,A-Aziz -3 pharmacy,UTTARA_PURBA,Sector-6,Uttara Sub Area 05
1394,Signature Pharma,UTTARA_PURBA,UTTAR_KHAN,Uttara Sub Area 05
15735,Mim Pharmacy,UTTARA_PURBA,,Uttara Sub Area 05
15424,K Pharma,UTTARA_PURBA,,Uttara Sub Area 05
14090,New sky Line pharma,UTTARA_PURBA,,Uttara Sub Area 05
19395,Medico pharma,DAKSHINKHAN,,Uttara Sub Area 06
18933,Family Pharma,DAKSHINKHAN,,Uttara Sub Area 06
17933,A.R.Jamalpur Medicine Corner,DAKSHINKHAN,null,Uttara Sub Area 06
17643,Infinity Care Pharma,DAKSHINKHAN,null,Uttara Sub Area 06
17574,Fatema Medicine corner,DAKSHINKHAN,null,Uttara Sub Area 06
17573,Shikdar Medicine Corner,DAKSHINKHAN,null,Uttara Sub Area 06
17412,Bismillah Madicin Corner,DAKSHINKHAN,null,Uttara Sub Area 06
17370,Mim Pharmacy,DAKSHINKHAN,null,Uttara Sub Area 06
16607,Nurin pharmacy,DAKSHINKHAN,null,Uttara Sub Area 06
16582,Sheba,DAKSHINKHAN,null,Uttara Sub Area 06
16538,Fareen pharmacy,DAKSHINKHAN,null,Uttara Sub Area 06
16332,Medicine World,DAKSHINKHAN,null,Uttara Sub Area 06
16119,Sajon Medical Hall,DAKSHINKHAN,null,Uttara Sub Area 06
16072,Vabna medicine  mart,DAKSHINKHAN,null,Uttara Sub Area 06
15756,Rikti pharmecy,DAKSHINKHAN,null,Uttara Sub Area 06
14857,Ma medicin Corner,DAKSHINKHAN,null,Uttara Sub Area 06
13546,Mustarin Medical Center,DAKSHINKHAN,Amtola,Uttara Sub Area 06
11577,Blue TurtLe Pharmacy.,DAKSHINKHAN,Ashkona Bazar,Uttara Sub Area 06
1401,Alif Pharma,DAKSHINKHAN,ASHKONA,Uttara Sub Area 06
466,Hima pharmacy,DAKSHINKHAN,ASHKONA,Uttara Sub Area 06
10747,Al Rahman Pharmacy,DAKSHINKHAN,Askona,Uttara Sub Area 06
10743,Ahamed Jahan Pharma,DAKSHINKHAN,Askona,Uttara Sub Area 06
10676,Khidma Pharma,DAKSHINKHAN,Askona,Uttara Sub Area 06
10746,Jamalpur Drugs House,DAKSHINKHAN,Rasulbag,Uttara Sub Area 06
10741,Vai Vai Pharmacy,DAKSHINKHAN,ASHKONA,Uttara Sub Area 06
10518,Health Care Pharmacy,DAKSHINKHAN,Ashkona Medical Road Dakshinkhan,Uttara Sub Area 06
10514,Jui Medicine Corner,DAKSHINKHAN,Ashkona Medical Road Dakshinkhan,Uttara Sub Area 06
10465,Maa Medicine Corner,DAKSHINKHAN,Ainuchbag,Uttara Sub Area 06
10428,Soha Medicine Corner,DAKSHINKHAN,Ashkona,Uttara Sub Area 06
10427,Mostafa pharmacy,DAKSHINKHAN,I nus bag College road,Uttara Sub Area 06
10425,Nisi medicine corner,DAKSHINKHAN,I nusbah college road,Uttara Sub Area 06
10424,Islam Pharmacy,DAKSHINKHAN,Aynusbag,Uttara Sub Area 06
10420,BISMILLAH FARMACY,DAKSHINKHAN,INUSBAG COLLEGE ROAD,Uttara Sub Area 06
10415,Unique Pharma,DAKSHINKHAN,Askona,Uttara Sub Area 06
10414,Mamun Medical Store-2,DAKSHINKHAN,ASHKONA,Uttara Sub Area 06
10409,Royal Clinic & Diagnostic Center,DAKSHINKHAN,ASHKONA,Uttara Sub Area 06
10408,Seba Medical Centre,DAKSHINKHAN,Askona,Uttara Sub Area 06
10405,Life line pharmacy,DAKSHINKHAN,Askona,Uttara Sub Area 06
10404,Hayder Pharmacy,DAKSHINKHAN,Ashkona,Uttara Sub Area 06
10403,Don pharmacy,DAKSHINKHAN,Askona,Uttara Sub Area 06
10402,Prescription Zone Limited,DAKSHINKHAN,ASHKONA,Uttara Sub Area 06
10401,Hazi Pharmacy,DAKSHINKHAN,Askona,Uttara Sub Area 06
10400,Babus Salam Pharmacy,DAKSHINKHAN,Airport Road,Uttara Sub Area 06
10389,Ramgonj Ma Babar pharmacy,DAKSHINKHAN,Askona,Uttara Sub Area 06
10388,Mehal Pharmacy,DAKSHINKHAN,ASHKONA,Uttara Sub Area 06
10383,Ahmed Pharmacy,DAKSHINKHAN,Purbo Ashkona,Uttara Sub Area 06
10382,Chandpur & Talukder Pharmacy,DAKSHINKHAN,Askona,Uttara Sub Area 06
10381,Niloy Pharmacy,DAKSHINKHAN,ASHKONA,Uttara Sub Area 06
10380,Ma Medicine Corner,DAKSHINKHAN,Askona,Uttara Sub Area 06
10379,Eden Pharma,DAKSHINKHAN,ASHKONA,Uttara Sub Area 06
10378,Jononi Medicine corner,DAKSHINKHAN,Askona,Uttara Sub Area 06
10377,Al Modina  Pharmacy,DAKSHINKHAN,Askona,Uttara Sub Area 06
10376,Master Medicine Corner,DAKSHINKHAN,Purbo Ashkona,Uttara Sub Area 06
8334,Rumi pharmacy,DAKSHINKHAN,Ashkona Uttara,Uttara Sub Area 06
8219,Mamun Medical store,DAKSHINKHAN,Ashkona Bazar,Uttara Sub Area 06
6966,Family Pharmacy,DAKSHINKHAN,Ashkona Medical Road Dakshinkhan,Uttara Sub Area 06
6846,Janani medical holl,DAKSHINKHAN,Ashkona Bazar,Uttara Sub Area 06
7468,Hema Pharmacy (1),UTTAR_KHAN,Dakhshinkhan,Uttara Sub Area 06
6413,Family Pharmacy,DAKSHINKHAN,Uttora Dakshinkhan,Uttara Sub Area 06
5915,Lokkhipur Pharmacy,DAKSHINKHAN,,Uttara Sub Area 06
10664,M/S Prime Pharmacy,DAKSHINKHAN,Dakkinkhan,Uttara Sub Area 06
11616,Koli pharmacy,UTTARA_PURBA,Dakkinkhan,Uttara Sub Area 06
10481,Anawara medicine corner,UTTARA_PURBA,Dakkinkhan,Uttara Sub Area 06
10470,Fardoush pharmacy,UTTARA_PURBA,Dakkinkhan,Uttara Sub Area 06
7312,Ma Pharma,UTTAR_KHAN,Dakshinkhan,Uttara Sub Area 06
4307,Mayerdoa medical  Hall,DAKSHINKHAN,,Uttara Sub Area 06
3831,Bismillah pharmacy,DAKSHINKHAN,,Uttara Sub Area 06
1608,M/S Al - Razi Pharma,DAKSHINKHAN,ASHKONA,Uttara Sub Area 06
472,Monir pharmacy,DAKSHINKHAN,,Uttara Sub Area 06
469,Hasib Pharma,DAKSHINKHAN,,Uttara Sub Area 06
11588,Nure madina medical hall,UTTARA_PASCHIM,Dhakkinkhan,Uttara Sub Area 06
11611,Kishorganj pharmacy,UTTARA_PURBA,Dhakkinkhan,Uttara Sub Area 06
10739,Khidma Medical Hall,DAKSHINKHAN,Holan Bazar,Uttara Sub Area 06
10738,CPHD Pharmacy,DAKSHINKHAN,Holan Bazar,Uttara Sub Area 06
10736,Mim Pharmacy,DAKSHINKHAN,Holan Bazar,Uttara Sub Area 06
10737,Ma Pharmacy & Dental Care,DAKSHINKHAN,Modhubag,Uttara Sub Area 06
10500,M/S Sani Drug House,DAKSHINKHAN,Noddapara,Uttara Sub Area 06
10496,Islamiya pharmacy,DAKSHINKHAN,Noddapara,Uttara Sub Area 06
10495,Sakhawat Pharmacy,DAKSHINKHAN,Noddapara,Uttara Sub Area 06
10509,Khadiza Medicine Corner,DAKSHINKHAN,Noddapara Clab Mor,Uttara Sub Area 06
5167,Aysha Medecine Corner,DAKSHINKHAN,null,Uttara Sub Area 06
8572,Tazkia Pharma,UTTAR_KHAN,ASHKONA,Uttara Sub Area 06
7310,Faith Pharma,UTTAR_KHAN,Ashkona,Uttara Sub Area 06
7305,Meraj Pharmacy,UTTAR_KHAN,ASHKONA,Uttara Sub Area 06
7211,Al-Shifa Pharmacy,UTTAR_KHAN,Ashkona,Uttara Sub Area 06
10492,Usha Pharmacy,DAKSHINKHAN,Taltola,Uttara Sub Area 06
10900,Wareesha Medicine,DAKSHINKHAN,,Uttara Sub Area 06
11581,Rajdhani pharmacy,UTTARA_PASCHIM,Dakkinkhan,Uttara Sub Area 06
14559,Jui medicine corner,UTTARA_PURBA,,Uttara Sub Area 06
14453,Janani Medical hall.,UTTARA_PURBA,,Uttara Sub Area 06
14355,মা-মনি মেডিসিন করনার,UTTARA_PURBA,,Uttara Sub Area 06
10617,Madina Medical hall.,UTTARA_PURBA,Dakkinkhan,Uttara Sub Area 06
10611,Nishan Medicine,UTTARA_PURBA,Dakkinkhan,Uttara Sub Area 06
5185,Wareesha Medicine Corner,DAKSHINKHAN,,Uttara Sub Area 06
4455,Maa pharmacy,DAKSHINKHAN,,Uttara Sub Area 06
15255,Muslim medicine corner,UTTARA_PURBA,,Uttara Sub Area 06
14440,Bhuiya pharmacy.,UTTARA_PURBA,,Uttara Sub Area 06
18273,Nur pharmacy,BIMAN_BANDAR,,Uttara Sub Area 07
18272,Moon Medicine Center 2,BIMAN_BANDAR,,Uttara Sub Area 07
17968,S .K .sheba pharmacy,BIMAN_BANDAR,null,Uttara Sub Area 07
17967,Feroza medicine corner,BIMAN_BANDAR,null,Uttara Sub Area 07
17368,Bismillah drug,BIMAN_BANDAR,null,Uttara Sub Area 07
16721,Fahad pharmacy,BIMAN_BANDAR,null,Uttara Sub Area 07
10615,Norsingdi Pharmacy,BIMAN_BANDAR,Kawlar Bazar,Uttara Sub Area 07
10608,Tangail Pharmacy,BIMAN_BANDAR,Kawlar Bazar,Uttara Sub Area 07
10603,Bismillah Pharma,BIMAN_BANDAR,Kawlar Bazar,Uttara Sub Area 07
10375,Moon Medicine Center,BIMAN_BANDAR,Kawlar Bazar,Uttara Sub Area 07
17093,Best pharmacy,DAKSHINKHAN,null,Uttara Sub Area 07
15953,Islam Pharmacy,DAKSHINKHAN,null,Uttara Sub Area 07
14347,Seba Pharmacy,DAKSHINKHAN,null,Uttara Sub Area 07
14091,Seba.SK Pharmacy,DAKSHINKHAN,null,Uttara Sub Area 07
12749,Talukdar Pharmacy,DAKSHINKHAN,,Uttara Sub Area 07
11280,Norsingdi Pharma,DAKSHINKHAN,,Uttara Sub Area 07
10987,Bismillah Pharmacy,DAKSHINKHAN,,Uttara Sub Area 07
10982,Manir Pharma,DAKSHINKHAN,,Uttara Sub Area 07
10524,New Bangol Medicine,DAKSHINKHAN,null,Uttara Sub Area 07
10517,Maa Pharmacy,DAKSHINKHAN,null,Uttara Sub Area 07
10464,Khan Pharma,DAKSHINKHAN,null,Uttara Sub Area 07
10374,Momtaz  Medicare,DAKSHINKHAN,Kawlar Bazar,Uttara Sub Area 07
7866,Ahmad Pharma,DAKSHINKHAN,Kawlar,Uttara Sub Area 07
19218,Ayan medicine Corner,KHILKHET,,Uttara Sub Area 07
18808,Pharma Point,KHILKHET,,Uttara Sub Area 07
18760,Minhaz pharmacy,KHILKHET,,Uttara Sub Area 07
18120,Emom and eshan pharma,KHILKHET,null,Uttara Sub Area 07
18116,Vai vai pharmacy,KHILKHET,null,Uttara Sub Area 07
18057,Star pharma,KHILKHET,null,Uttara Sub Area 07
17979,Al - Madina pharmacy,KHILKHET,,Uttara Sub Area 07
17978,Anas pharma,KHILKHET,null,Uttara Sub Area 07
17977,Mir medicine corner,KHILKHET,null,Uttara Sub Area 07
17719,Rashdul Care Pharma,KHILKHET,null,Uttara Sub Area 07
17716,Peu Pharma,KHILKHET,null,Uttara Sub Area 07
17360,Azad Medicine Corner,KHILKHET,,Uttara Sub Area 07
17242,Naspharma,KHILKHET,null,Uttara Sub Area 07
17214,Astha Pharmacy,KHILKHET,null,Uttara Sub Area 07
17205,M/S Shima Pharmacy,KHILKHET,null,Uttara Sub Area 07
17072,The City Pharma,KHILKHET,null,Uttara Sub Area 07
16504,Razz Pharma,KHILKHET,null,Uttara Sub Area 07
16353,S.R. MEDICINE CORNER,KHILKHET,null,Uttara Sub Area 07
16344,Khan Pharma,KHILKHET,null,Uttara Sub Area 07
16327,Unjum Pharma,KHILKHET,null,Uttara Sub Area 07
16118,Noosaiba Pharma,KHILKHET,null,Uttara Sub Area 07
16115,G Pharma,KHILKHET,null,Uttara Sub Area 07
15811,Kafrul pharmacy,KHILKHET,null,Uttara Sub Area 07
15589,Sheba Pharmacy,KHILKHET,null,Uttara Sub Area 07
14908,Stayless Drug house,KHILKHET,null,Uttara Sub Area 07
14746,Anas Pharma,KHILKHET,null,Uttara Sub Area 07
13780,Mayer Achol Pharmacy,KHILKHET,,Uttara Sub Area 07
13730,Jannat Medical Hall,KHILKHET,,Uttara Sub Area 07
13727,Z.R Pharma,KHILKHET,,Uttara Sub Area 07
13726,Plus Point Pharma,KHILKHET,null,Uttara Sub Area 07
12828,LifeLine Pharma,KHILKHET,,Uttara Sub Area 07
12557,M/S Khan Pharma,KHILKHET,,Uttara Sub Area 07
12371,Alam pharmacy,KHILKHET,,Uttara Sub Area 07
12348,Janani medicine corner 2,KHILKHET,,Uttara Sub Area 07
11215,Medicin Plus,KHILKHET,,Uttara Sub Area 07
11030,Vai Vai Medicine corner,KHILKHET,,Uttara Sub Area 07
11023,Shohag Pharma,KHILKHET,null,Uttara Sub Area 07
10980,Islamiya Drug house,KHILKHET,,Uttara Sub Area 07
10899,S B medicine Corner,KHILKHET,null,Uttara Sub Area 07
10817,M.M Pharmacy,KHILKHET,Uttarpara,Uttara Sub Area 07
10046,Emon Ehsan pharmacy,KHILKHET,"Bashtola,khilkhet",Uttara Sub Area 07
10012,Mayer Achol Pharmacy,KHILKHET,NAMAPARA,Uttara Sub Area 07
10010,Sorkar Pharmacy,KHILKHET,Boatghat,Uttara Sub Area 07
10006,Maya Pharmacy,KHILKHET,Nama para,Uttara Sub Area 07
10002,Razz Pharma,KHILKHET,Lake city,Uttara Sub Area 07
10001,Saathi Medicine Center,KHILKHET,Lek city,Uttara Sub Area 07
9999,Khondokar Pharma,KHILKHET,Amtola Khilkhet,Uttara Sub Area 07
9993,Hasan Medicine Corner,KHILKHET,BASHTOLA_KHILKHET,Uttara Sub Area 07
9989,New Islam Pharmacy,KHILKHET,Balur Math,Uttara Sub Area 07
9988,Shefa Health Pharma,KHILKHET,Khilkhet Aam Tola,Uttara Sub Area 07
9985,Health Care Point,KHILKHET,Bottola,Uttara Sub Area 07
9983,Pusan Pharmacy,KHILKHET,Mohammadiya road,Uttara Sub Area 07
9982,Blue Skay Medicine corner,KHILKHET,"KA-36/3/A, Post Office Road, Khilkhet, Dhaka-1229",Uttara Sub Area 07
9981,Muntaha Pharmacy,KHILKHET,Post Office Road,Uttara Sub Area 07
9980,Star Pharma,KHILKHET,Khilkhet Bazar,Uttara Sub Area 07
9965,Family Pharma,KHILKHET,Bazar,Uttara Sub Area 07
9960,Jahan Pharma,KHILKHET,Uttar para,Uttara Sub Area 07
9957,Jonosheba pharmacy,KHILKHET,Uttarpara,Uttara Sub Area 07
9955,Abid Pharmacy,KHILKHET,Uttar Nampara,Uttara Sub Area 07
9949,Gazi pharmacy,KHILKHET,Uttarpara,Uttara Sub Area 07
9946,Ismail pharmacy,KHILKHET,Uttarpara,Uttara Sub Area 07
9945,Arshi Medicine Corner,KHILKHET,Uttar para,Uttara Sub Area 07
9944,Yesmin Pharmacy,KHILKHET,Kha para Khilkhet,Uttara Sub Area 07
9936,Aysha Medicine Corner,KHILKHET,Moddho Para,Uttara Sub Area 07
9935,Mayer doa pharmacy 02,KHILKHET,Moddhopara,Uttara Sub Area 07
9934,Anas Pharmacy,KHILKHET,Bottola,Uttara Sub Area 07
9933,Saad Pharmacy,KHILKHET,Bottola,Uttara Sub Area 07
9932,Parents Heaven Pharma,KHILKHET,Noyanogor,Uttara Sub Area 07
9931,City Pharmacy,KHILKHET,Bazar Khilkhet,Uttara Sub Area 07
9929,Nazmul Medicine Corner,KHILKHET,Noyanogor,Uttara Sub Area 07
9897,Saleha Pharmacy,KHILKHET,Moddho Para,Uttara Sub Area 07
9896,Choudhury,KHILKHET,Bazaar Khilkhet,Uttara Sub Area 07
9895,Shopno Pharmacy,KHILKHET,Moddho para,Uttara Sub Area 07
9890,Lima Pharmacy,KHILKHET,Nama para,Uttara Sub Area 07
9889,Safe wheel Pharmacy,KHILKHET,Namapara road,Uttara Sub Area 07
9888,Shafin Enterprise & Medicine Corner,KHILKHET,Namapara road,Uttara Sub Area 07
9885,Merin Healthcare Pharmacy,KHILKHET,Khilkhet Tetul Tola,Uttara Sub Area 07
9884,Muzumdar Pharmacy,KHILKHET,Khilkhet Tetul Tola,Uttara Sub Area 07
9881,Khondokar pharmacy,KHILKHET,Bottola,Uttara Sub Area 07
9879,Konica Pharma,KHILKHET,Khilkhet Bot Tola,Uttara Sub Area 07
9878,Gono Sastho pharmacy,KHILKHET,Bottola,Uttara Sub Area 07
9876,Sheba Pharmacy,KHILKHET,Khilkhet Bazar,Uttara Sub Area 07
9874,Aushad bitam,KHILKHET,Bazar Khilkhet,Uttara Sub Area 07
9873,Khilkhet Pharmacy,KHILKHET,Khilkhet Bazar,Uttara Sub Area 07
9872,Life Pharma,KHILKHET,Main road Khilkhet,Uttara Sub Area 07
9871,Tanha  Pharmacy,KHILKHET,Beparipara,Uttara Sub Area 07
9858,Khan Pharmacy,KHILKHET,Nikunjo 2,Uttara Sub Area 07
9857,Feni Medicine Point,KHILKHET,Nikunjo 2,Uttara Sub Area 07
9856,Hazi Pharmacy,KHILKHET,Nikunjo 2,Uttara Sub Area 07
9855,Minhaj Pharma,KHILKHET,Nikunjo-2,Uttara Sub Area 07
9853,Alif Pharma,KHILKHET,Nikunjo-2,Uttara Sub Area 07
9852,BISMILLAH FARMACY,KHILKHET,Nikunjo,Uttara Sub Area 07
9851,Sharif Pharmacy,KHILKHET,Nikunjo-2,Uttara Sub Area 07
9850,Zakir Pharmacy,KHILKHET,Nikunjo,Uttara Sub Area 07
9848,Liza Pharmacy,KHILKHET,Nikunjo -2,Uttara Sub Area 07
9773,Friends Pharmacy,KHILKHET,Uttor para,Uttara Sub Area 07
9772,Bismillah Medical Hall,KHILKHET,,Uttara Sub Area 07
9735,Green pharma,KHILKHET,Uttara,Uttara Sub Area 07
9650,Sharfin Medicine Coirner,KHILKHET,NAMAPARA,Uttara Sub Area 07
9125,Saad Pharma,KHILKHET,Nikunjo,Uttara Sub Area 07
8346,Shikdar Pharmacy,KHILKHET,Nikunjo 2,Uttara Sub Area 07
8212,FRIENDS PHARMA,KHILKHET,Nikunjo 2,Uttara Sub Area 07
8178,Jannnat Pharmacy,KHILKHET,Nikunjo 2,Uttara Sub Area 07
8080,Janani Medicine corner 2,KHILKHET,Khilkhet Bazar,Uttara Sub Area 07
7787,Al Modina pharmacy,KHILKHET,Nikunjo 2,Uttara Sub Area 07
7618,Riva Pharmacy,KHILKHET,Khilkhet Bazar,Uttara Sub Area 07
7528,Janani Medicine Corner,KHILKHET,Khilkhet Bazar,Uttara Sub Area 07
7416,Apu Pharmacy -2,KHILKHET,Khilkhet Bazar,Uttara Sub Area 07
7330,Raj Pharma,KHILKHET,Nikunjo 2,Uttara Sub Area 07
7329,RK pharmacy,KHILKHET,Nikunjo 2,Uttara Sub Area 07
7309,M/S Bristy Pharmacy,KHILKHET,Nikunjo 2,Uttara Sub Area 07
7131,vai vai pharmacy,KHILKHET,nikunjo 2,Uttara Sub Area 07
7129,Mannan Pharmacy,KHILKHET,Nikunjo 2,Uttara Sub Area 07
7128,Nikunjo Pharma,KHILKHET,Nikunjo 2,Uttara Sub Area 07
6434,DM Pharma,KHILKHET,Khilkhet Bazar,Uttara Sub Area 07
6433,Adarsho Pharmacy,KHILKHET,Khilkhet Aam Tola,Uttara Sub Area 07
5978,Ayesha Medicine Shop,KHILKHET,,Uttara Sub Area 07
4366,Barishal pharma,KHILKHET,খিলক্ষেত,Uttara Sub Area 07
1580,Smart pharmacy,KHILKHET,,Uttara Sub Area 07
1435,Lamiya Medicine Corner,KHILKHET,BASHTOLA_KHILKHET,Uttara Sub Area 07
1428,Habib pharmicy,KHILKHET,NAMAPARA_ROAD,Uttara Sub Area 07
1057,Green life Pharma,KHILKHET,KHILKHET_BAZAR_ROAD,Uttara Sub Area 07
1054,M/S Sadik Pharma,KHILKHET,,Uttara Sub Area 07
1050,Shadesh Pharma,KHILKHET,KHILKHET_BAZAR_ROAD,Uttara Sub Area 07
830,Sami medicine corner,KHILKHET,BASHTOLA_KHILKHET,Uttara Sub Area 07
812,Nisad pharmacy,KHILKHET,BASHTOLA_KHILKHET,Uttara Sub Area 07
588,Mariyam Medicine Center,KHILKHET,POST_OFFICE_ROAD_,Uttara Sub Area 07
536,Sky Pharma,KHILKHET,,Uttara Sub Area 07
534,J S pharmacy,KHILKHET,,Uttara Sub Area 07
522,Rokaya medical holl,KHILKHET,,Uttara Sub Area 07
241,Ali Medicine Corner,KHILKHET,KHILKHET_BAZAR_ROAD,Uttara Sub Area 07
10190,Taqwa pharma,UTTAR_KHAN,Kawlar Bazar,Uttara Sub Area 07
10274,Rafi Pharmacy,UTTARA_PURBA,Khilkhet,Uttara Sub Area 07
9862,R.B.C pharmacy,UTTAR_KHAN,Kolanogor,Uttara Sub Area 07
10195,A B C Pharmacy,UTTAR_KHAN,Kawlar Bazar,Uttara Sub Area 07
10193,Iqbal Medicine Corner,UTTAR_KHAN,Kawlar Bazar,Uttara Sub Area 07
10191,Arshi Pharma,UTTAR_KHAN,Kawlar Bazar,Uttara Sub Area 07
10189,Selim Drug house,UTTAR_KHAN,Kawlar Bazar,Uttara Sub Area 07
10187,Monpura Pharmacy,UTTAR_KHAN,,Uttara Sub Area 07
10755,Best Care Pharmacy,DAKSHINKHAN,,Uttara Sub Area 07
14267,Afra medicine corner,UTTARA_PURBA,,Uttara Sub Area 07
10340,Monir Medicine corner,UTTARA_PASCHIM,Kawlar Bazar,Uttara Sub Area 07
14239,Dhaka pharma,UTTARA_PURBA,,Uttara Sub Area 07
15663,Pael pharmacy,UTTARA_PURBA,,Uttara Sub Area 07
15105,Maa medicine corner,UTTARA_PURBA,,Uttara Sub Area 07
14615,Iqbal Pharma,UTTARA_PURBA,,Uttara Sub Area 07
14604,High medicine,UTTARA_PURBA,,Uttara Sub Area 07
10286,Ma medicine corner,UTTARA_PURBA,Kawlar Bazar,Uttara Sub Area 07
10236,Al-Madina pharmacy,UTTARA_PURBA,Dakkinkhan,Uttara Sub Area 07
10226,Kawlar pharmacy,UTTARA_PURBA,Dakkhinkhan,Uttara Sub Area 07
10196,High Medicine corner,UTTARA_PURBA,Kawlar Bazar,Uttara Sub Area 07
12684,New Tamanna Pharmacy,BIMAN_BANDAR,Sector-01,Uttara Sub Area 07
12683,Medicine Corner,BIMAN_BANDAR,Sector-01,Uttara Sub Area 07
13980,Sarkar pharmacy,KHILKHET,null,Uttara Sub Area 07
14587,khandokar madical hall,KHILKHET,null,Uttara Sub Area 07
14479,SB Enterprise & Medicine,TURAG,null,Uttara Sub Area 07
10513,Ashraf pharmacy,UTTARA_PURBA,null,Uttara Sub Area 07
14232,Hasi khusi pharmacy -2,UTTARA_PURBA,,Uttara Sub Area 07
14338,Mayer doya pharmacy -2,UTTARA_PURBA,,Uttara Sub Area 07
14313,Rokeya pharmacy.,UTTARA_PURBA,,Uttara Sub Area 07
14341,RK Pharma,UTTARA_PURBA,,Uttara Sub Area 07
14318,Miyagi pharmacy.,UTTARA_PURBA,,Uttara Sub Area 07
14273,Safa rafa medicine corner,UTTARA_PURBA,,Uttara Sub Area 07
18165,Owshod betan pharmacy,BIMAN_BANDAR,null,Uttara Sub Area 08
19369,M/S S.S Medicine,DAKSHINKHAN,,Uttara Sub Area 08
18250,New Ma babar doya pharmacy,DAKSHINKHAN,,Uttara Sub Area 08
17915,M k pharmacy,DAKSHINKHAN,null,Uttara Sub Area 08
17904,Move Pharma,DAKSHINKHAN,,Uttara Sub Area 08
17887,Ahnaf Pharmacy,DAKSHINKHAN,null,Uttara Sub Area 08
17576,Maisha pharmacy,DAKSHINKHAN,null,Uttara Sub Area 08
17484,G M midicen stor,DAKSHINKHAN,null,Uttara Sub Area 08
17429,Takwa pharmacy 2,DAKSHINKHAN,null,Uttara Sub Area 08
17404,Pharmacy Point,DAKSHINKHAN,null,Uttara Sub Area 08
17264,Sujat Medicine,DAKSHINKHAN,null,Uttara Sub Area 08
17235,Borishal pharmacy,DAKSHINKHAN,null,Uttara Sub Area 08
17085,Bismillah pharmacy,DAKSHINKHAN,null,Uttara Sub Area 08
16751,Green pharma,DAKSHINKHAN,null,Uttara Sub Area 08
16691,Digonto pharmacy,DAKSHINKHAN,null,Uttara Sub Area 08
16380,Nowakhali pharmacy 2,DAKSHINKHAN,null,Uttara Sub Area 08
16263,Ayat pharmacy,DAKSHINKHAN,null,Uttara Sub Area 08
16237,ma babar dowa pharmacy,DAKSHINKHAN,null,Uttara Sub Area 08
16172,নূর Pharma,DAKSHINKHAN,null,Uttara Sub Area 08
16128,Khusbu Medicine Corner,DAKSHINKHAN,Anol,Uttara Sub Area 08
15422,Best Care Pharmacy,DAKSHINKHAN,,Uttara Sub Area 08
15276,Bismillah Pharma,DAKSHINKHAN,null,Uttara Sub Area 08
15155,Ma Pharma,DAKSHINKHAN,null,Uttara Sub Area 08
14701,Kawsar midecal holl,DAKSHINKHAN,null,Uttara Sub Area 08
14635,Provati Pharmacy,DAKSHINKHAN,Azompur,Uttara Sub Area 08
14505,Polli medical holl,DAKSHINKHAN,null,Uttara Sub Area 08
14003,New Alamin pharmacy,DAKSHINKHAN,,Uttara Sub Area 08
13557,MUNNA Pharmacy,DAKSHINKHAN,Purba Anol,Uttara Sub Area 08
13556,Ihesan Medicine Corner,DAKSHINKHAN,Anol,Uttara Sub Area 08
13554,Ma Pharmacy & Telecom,DAKSHINKHAN,Sardar Para,Uttara Sub Area 08
13543,Chader Hasi Pharmacy,DAKSHINKHAN,Amtola,Uttara Sub Area 08
13541,Taha Pharmacy,DAKSHINKHAN,Gawair,Uttara Sub Area 08
13540,Mozumdar pharmacy,DAKSHINKHAN,Kolil box Road,Uttara Sub Area 08
13539,Islam Pharmacy,DAKSHINKHAN,Gawair,Uttara Sub Area 08
13538,Shuvo Medical hall,DAKSHINKHAN,Kolil box Road,Uttara Sub Area 08
13537,Shopon Medical Hall,DAKSHINKHAN,Gawair,Uttara Sub Area 08
13473,Ms medicine express,DAKSHINKHAN,,Uttara Sub Area 08
13155,DIGONTO PHARMECY,DAKSHINKHAN,null,Uttara Sub Area 08
13147,Firoj pharmacy,DAKSHINKHAN,,Uttara Sub Area 08
13053,Unick medicine point,DAKSHINKHAN,,Uttara Sub Area 08
13032,Nowakhali Medicine coronr,DAKSHINKHAN,null,Uttara Sub Area 08
12690,Monem Medicine Corner,DAKSHINKHAN,null,Uttara Sub Area 08
12627,Green pharma,DAKSHINKHAN,,Uttara Sub Area 08
12559,M/S Sofiq medical hall,DAKSHINKHAN,Gawair Bazar,Uttara Sub Area 08
12553,Janata Medical Hall,DAKSHINKHAN,Madrasha Road,Uttara Sub Area 08
12552,Ma Pharmacy,DAKSHINKHAN,Dakkhin Mollartek,Uttara Sub Area 08
12527,Zakiya Pharmacy,DAKSHINKHAN,Gawair Madrasa Road,Uttara Sub Area 08
12508,Riyadh Pharmacy & Departmental Store,DAKSHINKHAN,Dakkhin Mollartek,Uttara Sub Area 08
12507,Jonoseba medical hall,DAKSHINKHAN,Dakkhin Mollartek,Uttara Sub Area 08
12439,Jainab Medical Hall,DAKSHINKHAN,Mollar Teck,Uttara Sub Area 08
12410,A.D Pharma,DAKSHINKHAN,Dokkhin Azampur,Uttara Sub Area 08
12409,Sumon Pharmacy,DAKSHINKHAN,Dokkhin Azampur,Uttara Sub Area 08
12406,Remedy Pharma,DAKSHINKHAN,Dakkhin Azampur,Uttara Sub Area 08
12397,Al madena,DAKSHINKHAN,,Uttara Sub Area 08
12359,Ma Pharmacy,DAKSHINKHAN,Mollartek,Uttara Sub Area 08
12301,M/S Nadim Pharmacy,DAKSHINKHAN,Madrasa Road,Uttara Sub Area 08
12300,Ashraf Pharmacy,DAKSHINKHAN,Madrasa Road,Uttara Sub Area 08
12299,M/S Aman Ullah Medical Hall,DAKSHINKHAN,Madrasha Road,Uttara Sub Area 08
12276,Tasnim Medicine Center,DAKSHINKHAN,Gawair,Uttara Sub Area 08
12275,Seba Medical Hall,DAKSHINKHAN,Gawair Madrasa Road,Uttara Sub Area 08
12273,Parents Pharma,DAKSHINKHAN,Gawair,Uttara Sub Area 08
12234,Mahi Pharmacy,DAKSHINKHAN,Gawair Bazar,Uttara Sub Area 08
12231,Al-Madina Pharmacy,DAKSHINKHAN,Gawair,Uttara Sub Area 08
12228,Friends Pharmacy,DAKSHINKHAN,Gawair,Uttara Sub Area 08
12227,Pharmacy Point,DAKSHINKHAN,Gawair,Uttara Sub Area 08
12226,Usuf Medicine Corner,DAKSHINKHAN,Dakkhin Mollartek,Uttara Sub Area 08
12222,Sheikh Pharma,DAKSHINKHAN,Mollar Teck,Uttara Sub Area 08
12221,Bismillah Medical hall,DAKSHINKHAN,Dakkhin Mollartek,Uttara Sub Area 08
12220,Riyadh Pharmacy & Departmental Store,DAKSHINKHAN,Mollar Teck,Uttara Sub Area 08
12219,Medicine Corner,DAKSHINKHAN,Dakkhin Mollartek,Uttara Sub Area 08
12218,Jononi Medical hall,DAKSHINKHAN,Dakkhin Gawair,Uttara Sub Area 08
12210,Al modina Pharmacy,DAKSHINKHAN,Sadar par,Uttara Sub Area 08
12202,Rony Pharmacy,DAKSHINKHAN,Pondit para road,Uttara Sub Area 08
12136,Asia Medicine Corner,DAKSHINKHAN,Purbo Mollar Teck,Uttara Sub Area 08
12135,Asian Pharmacy,DAKSHINKHAN,Mollartek,Uttara Sub Area 08
12134,Mayer Dua Medicine,DAKSHINKHAN,Mollar Teck,Uttara Sub Area 08
12133,Sono Lab Pharmacy,DAKSHINKHAN,Mollar Teck,Uttara Sub Area 08
12132,Rash Hema Medicine Corner,DAKSHINKHAN,Mollartek,Uttara Sub Area 08
12128,Adrita Medical Hall,DAKSHINKHAN,Mollar Teck,Uttara Sub Area 08
12127,Diganta Pharmacy,DAKSHINKHAN,Mollar Teck,Uttara Sub Area 08
11848,Roshni Pharma,DAKSHINKHAN,Moddho Azampur,Uttara Sub Area 08
11841,Al-Jabir Medicine Corner,DAKSHINKHAN,Moddho Azampur,Uttara Sub Area 08
11831,Ansaria Medicine Corner,DAKSHINKHAN,Dakshin Azampur,Uttara Sub Area 08
11828,Maria Pharmacy,DAKSHINKHAN,Dakshin Azampur,Uttara Sub Area 08
11827,Anan Pharmacy,DAKSHINKHAN,Dakshin Azampur,Uttara Sub Area 08
11826,Maria Pharmacy,DAKSHINKHAN,Dakshin Azampur,Uttara Sub Area 08
11825,Jerin Medicine Corner,DAKSHINKHAN,Dakshin Azampur,Uttara Sub Area 08
10818,Neuron Medical Hall,DAKSHINKHAN,Mollar Teck,Uttara Sub Area 08
10800,Rog Mukti Pharmacy,DAKSHINKHAN,Dakhsinkhan Bazar,Uttara Sub Area 08
10760,neuron medical hall,DAKSHINKHAN,null,Uttara Sub Area 08
10480,Tahim Medical Hall,DAKSHINKHAN,Prem Bagan,Uttara Sub Area 08
10477,Well Care pharma,DAKSHINKHAN,Gawai Bazar,Uttara Sub Area 08
10579,Ruhana Pharama,DAKSHINKHAN,Chairman Market,Uttara Sub Area 08
10469,Nupur Pharma,DAKSHINKHAN,Kazi Bari More,Uttara Sub Area 08
10466,Ok Pharma,DAKSHINKHAN,Bir Muktijoddha S.M. Mozammel Haque Road,Uttara Sub Area 08
10455,Bismillah  pharma,DAKSHINKHAN,Bir Muktijoddha S.M. Mozammel Haque Road,Uttara Sub Area 08
10454,Sadit Medical Hall,DAKSHINKHAN,Koshai Bari,Uttara Sub Area 08
10452,Green Pharmacy,DAKSHINKHAN,Kosaibazar Road,Uttara Sub Area 08
10451,Arif Medical Hall,DAKSHINKHAN,Koshai Bari,Uttara Sub Area 08
10599,M/S Maa Pharmacy,DAKSHINKHAN,Choudhury Bari,Uttara Sub Area 08
10505,Mridha Medical Hall,DAKSHINKHAN,Dakhsinkhan Bazar,Uttara Sub Area 08
8318,Bismillah Drug House,DAKSHINKHAN,Dakkhinkhan,Uttara Sub Area 08
10502,Gausul Azom Pharmacy,DAKSHINKHAN,Dakkinkhan Bazar,Uttara Sub Area 08
7311,Islam Pharmacy,UTTAR_KHAN,Dakshinkhan,Uttara Sub Area 08
10596,Nator Pharmacy,DAKSHINKHAN,Dakshinkhan : Bazar area,Uttara Sub Area 08
3837,Ok Pharma,DAKSHINKHAN,,Uttara Sub Area 08
10598,Showdagar medicine corner,DAKSHINKHAN,Dakshinkhan Bazar,Uttara Sub Area 08
10594,Seba Pharmacy,DAKSHINKHAN,Dakshinkhan Bazar,Uttara Sub Area 08
10593,Labib Pharmacy,DAKSHINKHAN,Dakshinkhan Bazar,Uttara Sub Area 08
10592,Islamiya pharmacy,DAKSHINKHAN,Dakshinkhan Bazar,Uttara Sub Area 08
10580,Khan Pharma,DAKSHINKHAN,Dakshinkhan Bazar,Uttara Sub Area 08
10504,Ria Medical hall,DAKSHINKHAN,Dakshinkhan Bazar,Uttara Sub Area 08
12189,Usuf Medicine Corner,UTTAR_KHAN,Dobadia,Uttara Sub Area 08
12198,Godhuli General Store & Pharmacy,UTTAR_KHAN,Dobadia Bazar,Uttara Sub Area 08
12197,Oli Pharmacy,UTTAR_KHAN,Dobadia Bazar,Uttara Sub Area 08
12195,Raiyan Pharmacy,UTTAR_KHAN,Dobadia Bazar,Uttara Sub Area 08
12192,Afzal Medicine Corner,UTTAR_KHAN,Dobadia Bazar,Uttara Sub Area 08
12190,Abdul Motaleb Pharmacy,UTTAR_KHAN,Dobadiya Bazar,Uttara Sub Area 08
10506,Jahanara Medical Hall,DAKSHINKHAN,Dokkhin Gawai,Uttara Sub Area 08
10471,Bangla Pharma,DAKSHINKHAN,Gawai Bazar,Uttara Sub Area 08
10501,Arisha Pharma,DAKSHINKHAN,Gawair,Uttara Sub Area 08
10728,Jono Sheba Medicine Corner,DAKSHINKHAN,Kachkura,Uttara Sub Area 08
10587,Ma Medicine Zone,DAKSHINKHAN,Kachkura,Uttara Sub Area 08
10447,Bio care Pharma,DAKSHINKHAN,Kosaibazar Road,Uttara Sub Area 08
10450,Raihan Medical Hall,DAKSHINKHAN,Koshai Bari,Uttara Sub Area 08
10733,Jobeyar Pharma,DAKSHINKHAN,Modhubagh,Uttara Sub Area 08
11529,New Al-amin pharmacy,DAKSHINKHAN,null,Uttara Sub Area 08
11506,Tanjim Pharmacy,DAKSHINKHAN,null,Uttara Sub Area 08
11324,Model Medicine corner,DAKSHINKHAN,null,Uttara Sub Area 08
11323,Medicine corner,DAKSHINKHAN,null,Uttara Sub Area 08
12280,Naaz Pharmacy,UTTAR_KHAN,Molla Para,Uttara Sub Area 08
10675,Islam Pharmacy,DAKSHINKHAN,Prem Bagan,Uttara Sub Area 08
10503,Ananna Medical Hall,DAKSHINKHAN,Prem Bagan,Uttara Sub Area 08
10499,Babor Medical Point,DAKSHINKHAN,Prem Bagan,Uttara Sub Area 08
10493,Lamia Medical Hall,DAKSHINKHAN,Prem Bagan,Uttara Sub Area 08
10461,Yousuf Drug House,DAKSHINKHAN,Prem Bagan,Uttara Sub Area 08
10494,Naam Medicine Corner,DAKSHINKHAN,Prem Bagan,Uttara Sub Area 08
10729,Jononi Pharmacy,DAKSHINKHAN,Purbapara Dakhsinkhan,Uttara Sub Area 08
10727,PollinMedical Hall,DAKSHINKHAN,Purbapara Dakhsinkhan,Uttara Sub Area 08
10597,Maisha Pharmacy,DAKSHINKHAN,Sawdagar Para,Uttara Sub Area 08
10595,Hazi Pharmacy,DAKSHINKHAN,Taltola,Uttara Sub Area 08
1084,Rais pharmacy,UTTARA_PURBA,UTTAR_KHAN,Uttara Sub Area 08
11240,M/S Al Amin Pharmacy,DAKSHINKHAN,,Uttara Sub Area 08
14956,Bismillah pharmacy,UTTARA_PURBA,,Uttara Sub Area 08
18377,Rayhan pharmacy,UTTARA_PURBA,,Uttara Sub Area 08
17792,Medicine point,UTTARA_PURBA,,Uttara Sub Area 08
16043,"Sohel Pharma monem Mollertek Monem medicine corner, For contact mobile no: 01717105598",UTTARA_PURBA,,Uttara Sub Area 08
15710,Chowdhury medicine corner,UTTARA_PURBA,,Uttara Sub Area 08
15645,Sk s Pharma,UTTARA_PURBA,,Uttara Sub Area 08
15465,Sumaiya pharmacy,UTTARA_PURBA,,Uttara Sub Area 08
15133,Asian pharmacy -2,UTTARA_PURBA,,Uttara Sub Area 08
15992,MK pharmacy,UTTAR_KHAN,null,Uttara Sub Area 08
17647,Galaxy Pharmacy,UTTAR_KHAN,null,Uttara Sub Area 08
16594,Give and take,UTTAR_KHAN,null,Uttara Sub Area 08
16791,Raiyan pharmacy,UTTAR_KHAN,null,Uttara Sub Area 08
14989,Jeddad Care,UTTARA_PURBA,,Uttara Sub Area 08
14534,Sorkar pharmacy,UTTARA_PURBA,,Uttara Sub Area 08
15719,Shahrasti medicine corner,UTTARA_PURBA,,Uttara Sub Area 08
14529,MUNNA Medicin Corner.,UTTARA_PURBA,,Uttara Sub Area 08
14806,Yeasmin medical hall,UTTARA_PURBA,,Uttara Sub Area 08
16042,Asian Pharma -1,UTTARA_PURBA,,Uttara Sub Area 08
13343,Moumita Pharmacy & Doctors Care,UTTARA_PURBA,Abdullahpur  Aichi Hospital Get,Uttara Sub Area 09
18754,Care point pharmacy,DAKSHINKHAN,,Uttara Sub Area 09
18608,Bismillah Pharmacy,DAKSHINKHAN,,Uttara Sub Area 09
18533,A.K Medical Hall,DAKSHINKHAN,,Uttara Sub Area 09
18511,H.M.S HEALTH CARE,DAKSHINKHAN,,Uttara Sub Area 09
17795,Holy Care Pharma,DAKSHINKHAN,null,Uttara Sub Area 09
17691,Alif pharmacy,DAKSHINKHAN,null,Uttara Sub Area 09
17690,Kanon pharmacy,DAKSHINKHAN,null,Uttara Sub Area 09
17569,Rabeya Pharmacy,DAKSHINKHAN,null,Uttara Sub Area 09
17341,Tahmid pharmacy.,DAKSHINKHAN,null,Uttara Sub Area 09
13342,Lea Medicine Corner,UTTARA_PURBA,Abdullahpur  Aichi Hospital Get,Uttara Sub Area 09
16540,Tahseen Pharma,DAKSHINKHAN,null,Uttara Sub Area 09
14870,A r surgical,DAKSHINKHAN,null,Uttara Sub Area 09
14597,J & J Pharma,DAKSHINKHAN,null,Uttara Sub Area 09
13136,Doctors pharma,DAKSHINKHAN,,Uttara Sub Area 09
13068,Nusrat Lamia  Pharmacy,DAKSHINKHAN,Court bari Bazar,Uttara Sub Area 09
13039,Desh Pharma,DAKSHINKHAN,Court bari Bazar,Uttara Sub Area 09
12929,Ma Pharma,DAKSHINKHAN,Court bari Bazar,Uttara Sub Area 09
12810,Mammi Medicine Corner,DAKSHINKHAN,Faydabad Choarirtek,Uttara Sub Area 09
12808,Harun Drug House,DAKSHINKHAN,Court bari Bazar,Uttara Sub Area 09
12462,Hazi Medi Care,DAKSHINKHAN,FAYDABAD,Uttara Sub Area 09
12448,M.H Medicine Corner,DAKSHINKHAN,Faydabad Choarirtek,Uttara Sub Area 09
12446,Noyon Medical Hall,DAKSHINKHAN,Court bari Bazar,Uttara Sub Area 09
12444,Faysal Medicine Corner,DAKSHINKHAN,FAYDABAD,Uttara Sub Area 09
12442,Sarker Pharma,DAKSHINKHAN,Court Bari Bazar,Uttara Sub Area 09
12440,A2Z Jannat Medicine Corner,DAKSHINKHAN,Cort Bari Bazar,Uttara Sub Area 09
12960,Seba Pharmacy,UTTARA_PURBA,Abdullahpur  Aichi Hospital Get,Uttara Sub Area 09
12427,Patowary Medicine Corner,DAKSHINKHAN,Faydabad Choarirtek,Uttara Sub Area 09
12424,Habib medicine corner,DAKSHINKHAN,Faydabad Choarirtek,Uttara Sub Area 09
12422,Rizwan Medicine Corner,DAKSHINKHAN,Faydabad,Uttara Sub Area 09
12421,Iqra Medicine Corner,DAKSHINKHAN,Faydabad  Main road,Uttara Sub Area 09
12416,Samiya Pharmacy,DAKSHINKHAN,Faydabad Choarirtek,Uttara Sub Area 09
12407,Aika medical hall,DAKSHINKHAN,Faydabad pulish Fari,Uttara Sub Area 09
12388,Bhuiyan pharmacy,DAKSHINKHAN,Gono Koborosthan Road,Uttara Sub Area 09
12387,Rahima Pharma,DAKSHINKHAN,Gonokoborsthan Road,Uttara Sub Area 09
12378,Noshin Medicine Corner,DAKSHINKHAN,Gono Koborosthan Road,Uttara Sub Area 09
12375,Farabi Medicine corner,DAKSHINKHAN,Faydabad pulish Fari,Uttara Sub Area 09
12373,Shefa Pharmacy,DAKSHINKHAN,FAYDABAD,Uttara Sub Area 09
12372,Ma Pharmacy,DAKSHINKHAN,FAYDABAD,Uttara Sub Area 09
12370,Alif pharmacy,DAKSHINKHAN,FAYDABAD,Uttara Sub Area 09
12369,Haque Medicine Corner,DAKSHINKHAN,FAYDABAD,Uttara Sub Area 09
12367,Sotota pharmacy,DAKSHINKHAN,FAYDABAD,Uttara Sub Area 09
12149,Jononi Medicine Corner,DAKSHINKHAN,Mosaer,Uttara Sub Area 09
11966,Islam Pharma,DAKSHINKHAN,Dewan bari,Uttara Sub Area 09
11963,Safe Pharma,DAKSHINKHAN,Dewan bari,Uttara Sub Area 09
11958,Haque Medical Hall,DAKSHINKHAN,Hazi Sabu Khan,Uttara Sub Area 09
11956,Sariyatpur drug House,DAKSHINKHAN,Dewan bari,Uttara Sub Area 09
11951,Fatema Pharmacy,DAKSHINKHAN,Dewanpara Road,Uttara Sub Area 09
11950,Mojnu Medical Hall,DAKSHINKHAN,FAYDABAD,Uttara Sub Area 09
11936,Taz Pharma,DAKSHINKHAN,Dewan bari,Uttara Sub Area 09
11929,Amena Medicine Corner,DAKSHINKHAN,FAYDABAD,Uttara Sub Area 09
11925,Firdaus Medical Pharma,DAKSHINKHAN,FAYDABAD,Uttara Sub Area 09
11921,I.R Pharma,DAKSHINKHAN,FAYDABAD,Uttara Sub Area 09
12803,Ma Pharmacy,UTTARA_PASCHIM,Abdullahpur  Bus Stand,Uttara Sub Area 09
13344,Alif Drug House,UTTARA_PURBA,Abdullahpur  Bus Stand,Uttara Sub Area 09
12997,Maruf Pharmacy,UTTARA_PURBA,Abdullahpur  Bus Stand,Uttara Sub Area 09
1445,Al Safi Medical Hall,DAKSHINKHAN,AZAMPUR,Uttara Sub Area 09
8649,Lamiya medicine corner,DAKSHINKHAN,Dakhshinkhan,Uttara Sub Area 09
7244,Urban Pharma,DAKSHINKHAN,Uttora Dakshinkhan,Uttara Sub Area 09
7243,Spondon MC,DAKSHINKHAN,Uttora Dakshinkhan,Uttara Sub Area 09
2306,Jahan Medical Hall,DAKSHINKHAN,FAYDABAD,Uttara Sub Area 09
1307,Seba pharmacy,DAKSHINKHAN,AZAMPUR,Uttara Sub Area 09
31,Dhaka Pharmacy,DAKSHINKHAN,,Uttara Sub Area 09
7171,Shoriatpur Drug House,UTTAR_KHAN,Dokkhinkhan,Uttara Sub Area 09
18202,Sarah pharmacy,TURAG,null,Uttara Sub Area 09
17920,Kurigram pharmacy,TURAG,null,Uttara Sub Area 09
17919,Shohan Pharmacy,TURAG,null,Uttara Sub Area 09
12365,Saad pharma Azimpur kacha bazar,UTTAR_KHAN,Gono Koborosthan Road,Uttara Sub Area 09
4066,Toufiq Pharmacy,DAKSHINKHAN,Gonokoborsthan Road,Uttara Sub Area 09
14855,Three star pharmacy,TURAG,null,Uttara Sub Area 09
14737,Rakin medicine conar,TURAG,null,Uttara Sub Area 09
14684,Jononi medicine conar,TURAG,null,Uttara Sub Area 09
14558,"M,N,T pharmacy",TURAG,null,Uttara Sub Area 09
14554,Al Modina pharmacy,TURAG,null,Uttara Sub Area 09
14481,Nargias pharmacy,TURAG,null,Uttara Sub Area 09
14368,Limon pharmacy,TURAG,null,Uttara Sub Area 09
13788,Motin farmisy,TURAG,,Uttara Sub Area 09
13773,City farmisy,TURAG,null,Uttara Sub Area 09
12457,Bismillah Pharmacy,UTTAR_KHAN,Moddho Puran Para,Uttara Sub Area 09
13649,Shakil Drug House,TURAG,null,Uttara Sub Area 09
16087,Ma Medicine corner,TURAG,null,Uttara Sub Area 09
14422,Ariba pharma,TURAG,null,Uttara Sub Area 09
13931,Raisa madicine conar,TURAG,null,Uttara Sub Area 09
17910,R R Pharmacy,TURAG,null,Uttara Sub Area 09
12206,Abdul Kadir Pharmacy,UTTAR_KHAN,Dakkhinkhan,Uttara Sub Area 09
11598,Al Shafi Pharmacy,UTTAR_KHAN,null,Uttara Sub Area 09
4803,United Medicine corner,UTTAR_KHAN,,Uttara Sub Area 09
1366,Tongi Medicine Corner,UTTARA_PASCHIM,UTTAR_KHAN,Uttara Sub Area 09
4150,Nuha Drug House,DAKSHINKHAN,,Uttara Sub Area 09
17733,Maa Pharmacy,UTTARA_PURBA,,Uttara Sub Area 09
16340,Sordar Pharma,UTTARA_PURBA,,Uttara Sub Area 09
16298,Arifa Medicine Corner,UTTARA_PURBA,,Uttara Sub Area 09
16206,Spondon Medicine Corner,UTTARA_PURBA,,Uttara Sub Area 09
16131,Bismillah Pharmacy,UTTARA_PURBA,,Uttara Sub Area 09
15696,Anawara medicine Hall.,UTTARA_PURBA,,Uttara Sub Area 09
15687,Raisha pharmacy,UTTARA_PURBA,,Uttara Sub Area 09
15683,Doctor's Pharma.,UTTARA_PURBA,,Uttara Sub Area 09
15416,Shahina pharmacy.,UTTARA_PURBA,,Uttara Sub Area 09
15414,Rabbi pharmacy,UTTARA_PURBA,,Uttara Sub Area 09
15322,Khan Pharma.,UTTARA_PURBA,,Uttara Sub Area 09
15306,Sheba pharmacy.,UTTARA_PURBA,,Uttara Sub Area 09
15294,Islamia pharmacy.,UTTARA_PURBA,,Uttara Sub Area 09
15293,Premium pharma.,UTTARA_PURBA,,Uttara Sub Area 09
15290,Shikder pharmacy.,UTTARA_PURBA,,Uttara Sub Area 09
15025,Mojnu Madecal Hall,UTTARA_PURBA,,Uttara Sub Area 09
13639,Faizan madicine conar,TURAG,,Uttara Sub Area 09
14923,নিয়ামাহ্ ফার্মেসী,UTTARA_PURBA,,Uttara Sub Area 09
14768,Shrin medical hall,UTTARA_PURBA,,Uttara Sub Area 09
14030,3M pharma,UTTARA_PURBA,,Uttara Sub Area 09
14027,Shefa pharmacy,UTTARA_PURBA,,Uttara Sub Area 09
14013,Shahin pharmacy,UTTARA_PURBA,,Uttara Sub Area 09
12282,Spondon MC,UTTARA_PURBA,,Uttara Sub Area 09
11425,An-nur pharmacy,UTTARA_PURBA,Dakkinkhan,Uttara Sub Area 09
11410,Mostufa hazari Pharma,UTTARA_PURBA,Dakkinkhan,Uttara Sub Area 09
11391,Ma-mony pharma,UTTARA_PURBA,Dakkinkhan,Uttara Sub Area 09
10964,Kawmi drug house,UTTARA_PURBA,Dakkinkhan,Uttara Sub Area 09
10961,Rifat medical hall,UTTARA_PURBA,Dakkinkhan,Uttara Sub Area 09
10955,Ifti pharmacy,UTTARA_PURBA,Dakkinkhan,Uttara Sub Area 09
10946,Dr. Zone Pharma,UTTARA_PURBA,Dakkinkhan,Uttara Sub Area 09
14038,Elma Medicine corner,UTTARA_PURBA,,Uttara Sub Area 09
11370,Mojnu Medical hall,UTTAR_KHAN,,Uttara Sub Area 09
15413,Jonoprio Pharma,UTTARA_PURBA,,Uttara Sub Area 09
5974,Mokka Durg House,UTTARA_PURBA,,Uttara Sub Area 09
1089,Fatema Medicine corner,UTTARA_PURBA,UTTAR_KHAN,Uttara Sub Area 09
863,Chandpur pharmacy,UTTARA_PURBA,UTTAR_KHAN,Uttara Sub Area 09
861,Nurjahan medicine corner,UTTARA_PURBA,UTTAR_KHAN,Uttara Sub Area 09
853,Maa Medical hol,UTTARA_PURBA,,Uttara Sub Area 09
6488,Bismillah Pharmacy,DAKSHINKHAN,Police Fari,Uttara Sub Area 09
6629,Ma Pharmacy,DAKSHINKHAN,Uttora Dakshinkhan,Uttara Sub Area 09
6525,Bismillah Pharma,DAKSHINKHAN,,Uttara Sub Area 09
13747,Bismillah drug house,TURAG,null,Uttara Sub Area 09
17276,Jononi Medicine Corner,TURAG,null,Uttara Sub Area 09
14161,Mahamud pharmacy,TURAG,null,Uttara Sub Area 09
14217,Sinigdha medicine,UTTAR_KHAN,null,Uttara Sub Area 09
17225,Ghazi pharmacy,UTTAR_KHAN,null,Uttara Sub Area 09
11373,Mojnu Medical Hall,UTTAR_KHAN,null,Uttara Sub Area 09
16640,Labib medical holl,UTTAR_KHAN,null,Uttara Sub Area 09
18938,Jamalpur Pharmachy,UTTAR_KHAN,,Uttara Sub Area 09
13595,Raisa pharmacy,UTTAR_KHAN,,Uttara Sub Area 09
12852,Islamia Pharmacy,UTTAR_KHAN,,Uttara Sub Area 09
17210,Ashik Health Care,UTTARA_PASCHIM,null,Uttara Sub Area 09
15730,Hamza pharmacy.,UTTARA_PASCHIM,null,Uttara Sub Area 09
15737,Akash pharmacy.,UTTARA_PASCHIM,null,Uttara Sub Area 09
12806,Puja Pharmacy,UTTARA_PURBA,Sector 08,Uttara Sub Area 09
10890,Tanzila Pharma,UTTARA_PURBA,Sector-6,Uttara Sub Area 09
10888,A-Aziz Pharma,UTTARA_PURBA,Sector-6,Uttara Sub Area 09
15274,Sultana pharmacy,UTTARA_PURBA,,Uttara Sub Area 09
15318,Tasmin Pharma,UTTARA_PURBA,,Uttara Sub Area 09
15298,Medicine bazar,UTTARA_PURBA,,Uttara Sub Area 09
15307,Shimul pharmacy,UTTARA_PURBA,,Uttara Sub Area 09
15809,Medicine point,UTTARA_PURBA,,Uttara Sub Area 09
15579,Alternative medicine Care,UTTARA_PURBA,,Uttara Sub Area 09
18194,Nahar Pharmacy 2,DAKSHINKHAN,,Uttara Sub Area 10
17794,Siyam Pharmacy,DAKSHINKHAN,null,Uttara Sub Area 10
17706,Dhurobotara Pharmacy,DAKSHINKHAN,,Uttara Sub Area 10
17650,Bismillah medicine corner,DAKSHINKHAN,null,Uttara Sub Area 10
17508,ZN Khan Pharma,DAKSHINKHAN,null,Uttara Sub Area 10
17236,Modina Pharmacy,DAKSHINKHAN,null,Uttara Sub Area 10
17224,Ma Pharmacy,DAKSHINKHAN,null,Uttara Sub Area 10
17084,Bangladesh Pharma,DAKSHINKHAN,null,Uttara Sub Area 10
16575,Transmiter Pharmacy,DAKSHINKHAN,null,Uttara Sub Area 10
15034,Zayein pharmacy,DAKSHINKHAN,null,Uttara Sub Area 10
14585,Anisha midecin corner,DAKSHINKHAN,null,Uttara Sub Area 10
14151,Nur Medical Hall 02,DAKSHINKHAN,Purba Faydabad,Uttara Sub Area 10
13071,Sefa Pharmacy,DAKSHINKHAN,Faydabad Transmitter,Uttara Sub Area 10
13021,Afnan medicine Conner,DAKSHINKHAN,null,Uttara Sub Area 10
12942,Seba Pharmacy,DAKSHINKHAN,Faydabad  Atipara,Uttara Sub Area 10
12892,Islamiya pharmacy,DAKSHINKHAN,Kazibari,Uttara Sub Area 10
12884,MM Medicine Shop,DAKSHINKHAN,Kazibari,Uttara Sub Area 10
12856,Ontorongo pharmacy,DAKSHINKHAN,Faydabad  Atipara,Uttara Sub Area 10
12824,Mim Pharmacy,DAKSHINKHAN,Faydabad Primary School Road,Uttara Sub Area 10
12822,Dhaka Pharmacy,DAKSHINKHAN,Faydabad Khondokar school Songlogno,Uttara Sub Area 10
12820,Al Modina Pharmacy,DAKSHINKHAN,Faydabad Kathaltola,Uttara Sub Area 10
12817,Medicine Treaders,DAKSHINKHAN,Faydabad Khondokar school Songlogno,Uttara Sub Area 10
12814,Jannat Medical hall,DAKSHINKHAN,Faydabad Primary School Road,Uttara Sub Area 10
12520,Sova Medicine Corner,DAKSHINKHAN,Anowar bagh,Uttara Sub Area 10
12510,Khan Medicine Corner,DAKSHINKHAN,Faydabad  Main road,Uttara Sub Area 10
12449,Life Saver Pharmacy,DAKSHINKHAN,FAYDABAD,Uttara Sub Area 10
12423,Snigdha Pharmacy,DAKSHINKHAN,Faydabad Transmitter,Uttara Sub Area 10
12419,Saba medicine & Baby Needs,DAKSHINKHAN,Faydabad main road,Uttara Sub Area 10
12418,Taha Medicine corner,DAKSHINKHAN,Faydabad Kathaltoli,Uttara Sub Area 10
12417,Hazi Pharmacy,DAKSHINKHAN,Faydabad  Main road,Uttara Sub Area 10
12400,Jahan Medical,DAKSHINKHAN,,Uttara Sub Area 10
12859,Uttarkhan Drug House,UTTAR_KHAN,Ati para bus stand,Uttara Sub Area 10
13074,Nur Medical hall,UTTAR_KHAN,Atipara Bazar,Uttara Sub Area 10
12950,Ayesha Medical hall,UTTAR_KHAN,Atipara bazar,Uttara Sub Area 10
12944,Modina pharmacy,UTTAR_KHAN,Atipara bazar,Uttara Sub Area 10
12946,Ma Moni Pharmacy,UTTARA_PURBA,Atipara Bazar,Uttara Sub Area 10
12939,Fast Care,UTTAR_KHAN,Atipara kacha bazar,Uttara Sub Area 10
12685,Arian Medical Centre,UTTAR_KHAN,Baburchi bari Mor,Uttara Sub Area 10
12355,Mostofa Pharmacy,UTTAR_KHAN,Baburchi mor Road,Uttara Sub Area 10
10847,Rina Medical hall,UTTAR_KHAN,Chamur khan Road,Uttara Sub Area 10
12923,Chandpur medicine Corner,UTTAR_KHAN,Chanpara,Uttara Sub Area 10
12920,Moriom Pharmacy,UTTAR_KHAN,Chanpara,Uttara Sub Area 10
12918,Gazi Pharmacy,UTTAR_KHAN,Chanpara,Uttara Sub Area 10
12742,Munshi pharmacy,UTTAR_KHAN,Chanpara Bazar,Uttara Sub Area 10
12739,Prottoy Medicine Corner,UTTAR_KHAN,Chanpara Bazar,Uttara Sub Area 10
10819,K.F Medicine Corner,UTTAR_KHAN,Kachkura,Uttara Sub Area 10
12186,Al-Amin Pharmacy,UTTAR_KHAN,Kachkura Bazar,Uttara Sub Area 10
12184,Sah Alam Drug House,UTTAR_KHAN,Kachkura Bazar,Uttara Sub Area 10
12182,Sha Jalal Pharmacy,UTTAR_KHAN,Kachkura Bazar,Uttara Sub Area 10
12181,Asif Medicine Corner,UTTAR_KHAN,Kachkura Bazar,Uttara Sub Area 10
12178,Ma Pharmacy,UTTAR_KHAN,Kachkura bazar,Uttara Sub Area 10
12176,Mojumdar Pharmacy,UTTAR_KHAN,Kachkura Bazar,Uttara Sub Area 10
12752,Mokka Modina Medicine hall,UTTAR_KHAN,Kazi bari,Uttara Sub Area 10
13033,Organic Pharma,UTTAR_KHAN,Kuripara,Uttara Sub Area 10
12860,Oronno Medicine Corner,UTTAR_KHAN,Kuripara,Uttara Sub Area 10
12905,Ma  Pharmacy,UTTAR_KHAN,Master para Bazar,Uttara Sub Area 10
12903,Uttaron Seba,UTTAR_KHAN,Master para Bazar,Uttara Sub Area 10
12902,Mohammad Medical Hall,UTTAR_KHAN,Master para Bazar,Uttara Sub Area 10
12901,Farah Pharmacy,UTTAR_KHAN,Master para Bazar,Uttara Sub Area 10
12875,Tushar Medical hall,UTTAR_KHAN,Master para Bazar,Uttara Sub Area 10
12872,Bismillah pharmacy,UTTAR_KHAN,Master para Bazar,Uttara Sub Area 10
12862,Rahman pharmacy,UTTAR_KHAN,Master para Bazar,Uttara Sub Area 10
12737,A Wadud Pharmacy,UTTAR_KHAN,Master para Bazar,Uttara Sub Area 10
12455,Lovon medical hall,UTTAR_KHAN,Master para Bazar,Uttara Sub Area 10
12454,Oalid Pharma,UTTAR_KHAN,Masterbari Bazar,Uttara Sub Area 10
12338,Super Care Pharma,UTTAR_KHAN,Mazar  Atipara Road,Uttara Sub Area 10
12344,Mintu Pharmacy,UTTAR_KHAN,Mazar Atipara Road,Uttara Sub Area 10
12313,Talukder Pharmacy,UTTAR_KHAN,Mazar Atipara Road,Uttara Sub Area 10
12311,Ever green Pharma,UTTAR_KHAN,Mazar Atipara Road,Uttara Sub Area 10
12281,Adnan Pharmacy,UTTAR_KHAN,Mazar Road,Uttara Sub Area 10
13078,Uttara Pharma,UTTAR_KHAN,Moinartek  Aaster Hospital,Uttara Sub Area 10
13006,Jahanara Pharmacy,UTTAR_KHAN,Moinartek  Aaster Hospital,Uttara Sub Area 10
13010,Dip Pharmacy,UTTAR_KHAN,Moinartek Bazar,Uttara Sub Area 10
13005,SP Pharmacy,UTTAR_KHAN,Moinartek Bazar,Uttara Sub Area 10
12957,Arik pharmacy,UTTAR_KHAN,Moinartek Bazar,Uttara Sub Area 10
12953,Click Pharma,UTTAR_KHAN,Moinartek Bazar,Uttara Sub Area 10
12463,Raz Pharma,UTTAR_KHAN,Moinartek Bazar,Uttara Sub Area 10
14174,Owadod pharmacy,UTTAR_KHAN,null,Uttara Sub Area 10
14695,Rina medicine corner,UTTAR_KHAN,null,Uttara Sub Area 10
14664,Lokhipor medicine corner,UTTAR_KHAN,null,Uttara Sub Area 10
14176,Mayer doa drug house,UTTAR_KHAN,null,Uttara Sub Area 10
14224,Seba pharmacy 2,UTTAR_KHAN,null,Uttara Sub Area 10
16277,Riyan pharmacy,UTTAR_KHAN,null,Uttara Sub Area 10
14419,Akhon pharmacy,UTTAR_KHAN,null,Uttara Sub Area 10
15964,Akon pharmacy,UTTAR_KHAN,null,Uttara Sub Area 10
14493,Medicine bitan,UTTAR_KHAN,null,Uttara Sub Area 10
15202,Raj pharmacy,UTTAR_KHAN,null,Uttara Sub Area 10
14498,Hamja medical hall,UTTAR_KHAN,null,Uttara Sub Area 10
15186,Abu bokkor medicine corner,UTTAR_KHAN,null,Uttara Sub Area 10
12312,Shamim Drug House,UTTAR_KHAN,Puran Para,Uttara Sub Area 10
12459,Abdullah pharmacy,UTTAR_KHAN,Ziabagh Mor,Uttara Sub Area 10
12472,Mun pharma,UTTAR_KHAN,Ziabagh Mor,Uttara Sub Area 10
12465,Mohammadia medicine corner,UTTAR_KHAN,Ziabagh Mor,Uttara Sub Area 10
13486,MARUFA PHARMACY,UTTAR_KHAN,,Uttara Sub Area 10
18236,Mim Pharmacy,UTTAR_KHAN,,Uttara Sub Area 10
13516,Possi pharmacy,UTTAR_KHAN,,Uttara Sub Area 10
13896,Jahid pharmacy,UTTAR_KHAN,,Uttara Sub Area 10
15523,Care Pharma,UTTARA_PURBA,,Uttara Sub Area 10
15526,Professor's medicine,UTTARA_PURBA,,Uttara Sub Area 10
15532,Madina medical,UTTARA_PURBA,,Uttara Sub Area 10
13945,Ma medicine corner,UTTAR_KHAN,,Uttara Sub Area 10
14719,Irsha pharmacy,UTTAR_KHAN,null,Uttara Sub Area 10
14668,Nur medical holl 2,UTTAR_KHAN,null,Uttara Sub Area 10
14575,Papiya pharmacy,UTTAR_KHAN,null,Uttara Sub Area 10
14670,Isha pharmacy,UTTAR_KHAN,null,Uttara Sub Area 10
14676,Ma pharmacy,UTTAR_KHAN,null,Uttara Sub Area 10
15772,Atipht pharma,UTTAR_KHAN,null,Uttara Sub Area 10
14121,Ma babar doa pharmacy,UTTAR_KHAN,null,Uttara Sub Area 10
18159,Runa Pharmacy,UTTAR_KHAN,null,Uttara Sub Area 10
15018,Ayasha drug,UTTAR_KHAN,null,Uttara Sub Area 10
15604,Shakira pharmacy,UTTAR_KHAN,null,Uttara Sub Area 10
15600,Tohomina pharmacy,UTTAR_KHAN,null,Uttara Sub Area 10
13997,Ayma medical center,UTTAR_KHAN,null,Uttara Sub Area 10
18137,M/S Banglamades Pharmacy Limited,UTTAR_KHAN,null,Uttara Sub Area 10
16673,Babli pharmacy,UTTAR_KHAN,null,Uttara Sub Area 10
16761,Chan madicen cronar,UTTAR_KHAN,null,Uttara Sub Area 10
15397,Afzal pharmacy,UTTAR_KHAN,null,Uttara Sub Area 10
15476,Shahadat pharmacy,UTTAR_KHAN,null,Uttara Sub Area 10
15156,Organic pharma,UTTAR_KHAN,null,Uttara Sub Area 10
16843,Super Care Pharmacy,UTTAR_KHAN,null,Uttara Sub Area 10
14938,Shakil Medicine Corner,UTTAR_KHAN,null,Uttara Sub Area 10
16692,Ma o Siso pharmacy,UTTAR_KHAN,null,Uttara Sub Area 10
15720,Uttorron pharmacy,UTTAR_KHAN,null,Uttara Sub Area 10
12458,Ma Medicine Corner,UTTAR_KHAN,Ziabagh,Uttara Sub Area 10
18500,Hannan Pharmacy,UTTAR_KHAN,,Uttara Sub Area 10
12746,Ma babar doa pharmacy,UTTAR_KHAN,,Uttara Sub Area 10
13989,Asha medicine,UTTAR_KHAN,,Uttara Sub Area 10
17483,Shimanta Pharmacy,UTTAR_KHAN,,Uttara Sub Area 10
18141,Ferdousi Pharmacy,UTTAR_KHAN,,Uttara Sub Area 10
13865,Mridul Medicine Corner,UTTAR_KHAN,,Uttara Sub Area 10
13013,Oalid Pharmacy,UTTAR_KHAN,,Uttara Sub Area 10
15000,Nazma Medical holl,UTTARA_PURBA,,Uttara Sub Area 10
